Latitude,Longitude,No. GPS Point,,Date/Time Measurement GMT,Location,Japanese Name,ID Team Equipm,dose rate 1m (uSv/h),dose rate 0.5m (uSv/h),dose rate 0.1m (uSv/h),Location,Measuring device,Comments,Japanese Comments,,,,,,,,,,,,,,,,,,,,,,,,,,,,,,,,,,,,,,,
37.746836,140.477038,071,,2012-10-16T02:37:39Z,Watari; Fukushima Prefecture,??????????,N1,0.46,0.64,0.64,0m,Gamma spectrometer: Georadis RT-30; GPS Model:  Garmin Montana 650,School; Tarmac car park; All southerly readings. MP = 0.607usv/hr,?????????????????????????,,,,,,,,,,,,,,,,,,,,,,,,,,,,,,,,,,,,,,,
37.74686,140.477033,072,,2012-10-16T02:43:49Z,Watari; Fukushima Prefecture,??????????,N1,0.49,0.56,0.71,5m,Gamma spectrometer: Georadis RT-30; GPS Model:  Garmin Montana 651,School; Tarmac car park; All southerly readings.,?????????????????????????,,,,,,,,,,,,,,,,,,,,,,,,,,,,,,,,,,,,,,,
37.746838,140.477042,073,,2012-10-16T02:45:09Z,Watari; Fukushima Prefecture,??????????,N1,0.64,0.79,0.89,10m,Gamma spectrometer: Georadis RT-30; GPS Model:  Garmin Montana 652,School; Tarmac car park; All southerly readings.,?????????????????????????,,,,,,,,,,,,,,,,,,,,,,,,,,,,,,,,,,,,,,,
37.746819,140.477054,074,,2012-10-16T02:47:34Z,Watari; Fukushima Prefecture,??????????,N1,0.83,1.10,1.50,14m,Gamma spectrometer: Georadis RT-30; GPS Model:  Garmin Montana 653,School;Tarmac car park; All southerly readings. above a drain,???????????????????????????????,,,,,,,,,,,,,,,,,,,,,,,,,,,,,,,,,,,,,,,
37.746808,140.477063,075,,2012-10-16T02:49:45Z,Watari; Fukushima Prefecture,??????????,N1,0.58,0.65,0.64,12m,Gamma spectrometer: Georadis RT-30; GPS Model:  Garmin Montana 654,School;; Driveway/ tarmac road,??????????????????????????????,,,,,,,,,,,,,,,,,,,,,,,,,,,,,,,,,,,,,,,
37.74831,140.476686,076,,2012-10-16T03:04:18Z,Watari; Fukushima Prefecture,??????????,N1,0.78,0.88,0.70,0m,Gamma spectrometer: Georadis RT-30; GPS Model:  Garmin Montana 655,Fukushima Prefecture Sogo Eisei Gakuin (public medical school); All north westerly readings MP - 0.60usv/hr,????????????????????????,,,,,,,,,,,,,,,,,,,,,,,,,,,,,,,,,,,,,,,
37.748292,140.476666,077,,2012-10-16T03:06:43Z,Watari; Fukushima Prefecture,??????????,N1,0.55,0.69,0.68,5m,Gamma spectrometer: Georadis RT-30; GPS Model:  Garmin Montana 656, Fukushima Prefecture Sogo Eisei Gakuin (public medical school) All north westerly readings,????????????????????????,,,,,,,,,,,,,,,,,,,,,,,,,,,,,,,,,,,,,,,
37.748292,140.476666,078,,2012-10-16T03:07:01Z,Watari; Fukushima Prefecture,??????????,N1,0.47,0.54,0.60,10m,Gamma spectrometer: Georadis RT-30; GPS Model:  Garmin Montana 657,Fukushima Prefecture Sogo Eisei Gakuin (public medical school);  All north westerly readings,????????????????????????,,,,,,,,,,,,,,,,,,,,,,,,,,,,,,,,,,,,,,,
37.748331,140.476611,079,,2012-10-16T03:10:00Z,Watari; Fukushima Prefecture,??????????,N1,1.40,2.03,3.30,14m,Gamma spectrometer: Georadis RT-30; GPS Model:  Garmin Montana 658,Fukushima Prefecture Sogo Eisei Gakuin (public medical school) All north westerly readings,????????????????????????,,,,,,,,,,,,,,,,,,,,,,,,,,,,,,,,,,,,,,,
37.748313,140.476618,080,,2012-10-16T03:11:29Z,Watari; Fukushima Prefecture,??????????,N1,1.00,1.47,2.10,3m,Gamma spectrometer: Georadis RT-30; GPS Model:  Garmin Montana 659,Fukushima Prefecture Sogo Eisei Gakuin (public medical school); All north westerly readings; at tree base.,???????????????????????????????,,,,,,,,,,,,,,,,,,,,,,,,,,,,,,,,,,,,,,,
37.74839,140.47656,081,,2012-10-16T03:16:31Z,Watari; Fukushima Prefecture,??????????,N1,0.37,0.39,0.43,20m,Gamma spectrometer: Georadis RT-30; GPS Model:  Garmin Montana 660,Fukushima Prefecture Sogo Eisei Gakuin (public medical school) All north westerly readings. Public road by private house near small bush.,????????????????????????????????????,,,,,,,,,,,,,,,,,,,,,,,,,,,,,,,,,,,,,,,
37.747223,140.472855,082,,2012-10-16T03:28:52Z,Watari; Fukushima Prefecture,??????????,N1,0.23,0.20,0.16,0m,Gamma spectrometer: Georadis RT-30; GPS Model:  Garmin Montana 661, Kobato Kindergarden;Decontaminated area; all easterly readings At MP - 0.25usv/hr,????????????????????????,,,,,,,,,,,,,,,,,,,,,,,,,,,,,,,,,,,,,,,
37.747247,140.472836,083,,2012-10-16T03:33:54Z,Watari; Fukushima Prefecture,??????????,N1,0.20,0.19,0.18,5m,Gamma spectrometer: Georadis RT-30; GPS Model:  Garmin Montana 662, Kobato Kindergarden; Decontaminated area; all easterly readings,????????????????????????,,,,,,,,,,,,,,,,,,,,,,,,,,,,,,,,,,,,,,,
37.747215,140.472881,084,,2012-10-16T03:35:04Z,Watari; Fukushima Prefecture,??????????,N1,0.38,0.37,0.29,10m,Gamma spectrometer: Georadis RT-30; GPS Model:  Garmin Montana 663, Kobato Kindergarden; Decontaminated area; all easterly readings. Next to fence/ drain outside,?????????????????????????????????????,,,,,,,,,,,,,,,,,,,,,,,,,,,,,,,,,,,,,,,
37.747206,140.472907,085,,2012-10-16T03:38:25Z,Watari; Fukushima Prefecture,??????????,N1,0.49,0.58,0.84,11m,Gamma spectrometer: Georadis RT-30; GPS Model:  Garmin Montana 664,  Kobato Kindergarden; Decontaminated area; all easterly readings; Outside - above drain,??????????????????????????????,,,,,,,,,,,,,,,,,,,,,,,,,,,,,,,,,,,,,,,
37.747194,140.472915,086,,2012-10-16T03:40:05Z,Watari; Fukushima Prefecture,??????????,N1,0.43,0.46,0.46,15m,Gamma spectrometer: Georadis RT-30; GPS Model:  Garmin Montana 665, Kobato Kindergarden;Across road - above  the drain,???????????????????????,,,,,,,,,,,,,,,,,,,,,,,,,,,,,,,,,,,,,,,
37.747194,140.472918,087,,2012-10-16T03:40:58Z,Watari; Fukushima Prefecture,??????????,N1,0.45,0.55,0.62,15m,Gamma spectrometer: Georadis RT-30; GPS Model:  Garmin Montana 666, Kobato Kindergarden; Decontaminated area; all easterly readings. At entrance gate,?????????????????????????????,,,,,,,,,,,,,,,,,,,,,,,,,,,,,,,,,,,,,,,
37.746462,140.478586,088,,2012-10-16T05:36:30Z,Watari; Fukushima Prefecture,??????????,N2,0.37,0.44,0.49,0.7m,Gamma spectrometer: Georadis RT-30; GPS Model:  Garmin Montana 667, Child Care House; Public road; facing south. 0.7m East from monitoring station. Monitor-station reading 0.32uSv/h.,????????? ?????????????0.7m?????????????? 0.32uSv/h,,,,,,,,,,,,,,,,,,,,,,,,,,,,,,,,,,,,,,,
37.746432,140.478563,089,,2012-10-16T05:39:02Z,Watari; Fukushima Prefecture,??????????,N2,0.52,0.62,0.75,5m,Gamma spectrometer: Georadis RT-30; GPS Model:  Garmin Montana 668,Child Care House; Public road; facing south,??????????????????????,,,,,,,,,,,,,,,,,,,,,,,,,,,,,,,,,,,,,,,
37.746399,140.478557,090,,2012-10-16T05:40:04Z,Watari; Fukushima Prefecture,??????????,N2,0.56,0.66,0.81,10m,Gamma spectrometer: Georadis RT-30; GPS Model:  Garmin Montana 669, Child care house Public road; facing south,??????????????????????,,,,,,,,,,,,,,,,,,,,,,,,,,,,,,,,,,,,,,,
37.74623,140.478568,091,,2012-10-16T05:41:25Z,Watari; Fukushima Prefecture,??????????,N2,0.58,0.70,0.73,20m,Gamma spectrometer: Georadis RT-30; GPS Model:  Garmin Montana 670, Child care house; Public road; facing south; edge of vegetable field.,???????????????????????????,,,,,,,,,,,,,,,,,,,,,,,,,,,,,,,,,,,,,,,
37.747302,140.481093,092,,2012-10-16T05:52:14Z,Watari; Fukushima Prefecture,??????????,N2,0.28,0.31,0.30,5m,Gamma spectrometer: Georadis RT-30; GPS Model:  Garmin Montana 671,Watari Fureai Centre; North of monitoring station. Station not accessible; All easterly readings,??????????????????????????????????????????????????????,,,,,,,,,,,,,,,,,,,,,,,,,,,,,,,,,,,,,,,
37.747155,140.481332,093,,2012-10-16T05:54:29Z,Watari; Fukushima Prefecture,??????????,N2,0.39,0.44,0.43,20m,Gamma spectrometer: Georadis RT-30; GPS Model:  Garmin Montana 672,Watari Fureai Centre; North of monitoring station. Station not accessible; All easterly readings,??????????????????????????????????????????????????????,,,,,,,,,,,,,,,,,,,,,,,,,,,,,,,,,,,,,,,
37.74718,140.481432,094,,2012-10-16T05:55:44Z,Watari; Fukushima Prefecture,??????????,N2,0.50,0.63,0.92,26m,Gamma spectrometer: Georadis RT-30; GPS Model:  Garmin Montana 673,Watari Fureai Centre;North of monitoring station. Station not accessible; All easterly readings,??????????????????????????????????????????????????????,,,,,,,,,,,,,,,,,,,,,,,,,,,,,,,,,,,,,,,
37.747418,140.481626,095,,2012-10-16T05:59:15Z,Watari; Fukushima Prefecture,??????????,N2,0.25,0.26,0.28,0m,Gamma spectrometer: Georadis RT-30; GPS Model:  Garmin Montana 674,Watari Fureai Centre; School playground - decontaminated; All northerly readings - At MP 0.30uSv/hr,??????????????????????????????,,,,,,,,,,,,,,,,,,,,,,,,,,,,,,,,,,,,,,,
37.74744,140.481649,096,,2012-10-16T06:03:40Z,Watari; Fukushima Prefecture,??????????,N2,0.46,0.36,0.27,5m,Gamma spectrometer: Georadis RT-30; GPS Model:  Garmin Montana 675,Watari Fureai Centre; School playground - decontaminated; All northerly readings,??????????????????????????????,,,,,,,,,,,,,,,,,,,,,,,,,,,,,,,,,,,,,,,
37.747485,140.481662,097,,2012-10-16T06:04:43Z,Watari; Fukushima Prefecture,??????????,N2,0.39,0.40,0.33,10m,Gamma spectrometer: Georadis RT-30; GPS Model:  Garmin Montana 676,Watari Fureai Centre; School playground - decontaminated; All northerly readings,??????????????????????????????,,,,,,,,,,,,,,,,,,,,,,,,,,,,,,,,,,,,,,,
37.747502,140.481671,098,,2012-10-16T06:06:36Z,Watari; Fukushima Prefecture,??????????,N2,0.34,0.34,0.29,15m,Gamma spectrometer: Georadis RT-30; GPS Model:  Garmin Montana 677,Watari Kirin Kyoshitsu; after-school care for children ;School playground - decontaminated; All northerly readings,???????????????????????????????,,,,,,,,,,,,,,,,,,,,,,,,,,,,,,,,,,,,,,,
37.747518,140.481678,099,,2012-10-16T06:07:36Z,Watari; Fukushima Prefecture,??????????,N2,0.71,0.70,0.50,20m,Gamma spectrometer: Georadis RT-30; GPS Model:  Garmin Montana 678,Watari Kirin Kyoshitsu; after-school care for children ;School playground - decontaminated; All northerly readings,???????????????????????????????,,,,,,,,,,,,,,,,,,,,,,,,,,,,,,,,,,,,,,,
37.747574,140.484187,100,,2012-10-16T06:47:45Z,Watari; Fukushima Prefecture,??????????,N2,0.76,0.82,1.80,5m,Gamma spectrometer: Georadis RT-30; GPS Model:  Garmin Montana 679,Watari Kirin Kyoshitsu; after-school care for children ; South easterly,?????????????????????????,,,,,,,,,,,,,,,,,,,,,,,,,,,,,,,,,,,,,,,
37.749711,140.480558,102,,2012-10-16T07:05:07Z,Watari; Fukushima Prefecture,??????????,N2,0.38,0.40,0.35,0m,Gamma spectrometer: Georadis RT-30; GPS Model:  Garmin Montana 680,Watari Kirin Kyoshitsu; after-school care for children; At the monitoring station. Decontaminated area.MP - 0.34uSv/hr,??????????????????????????,,,,,,,,,,,,,,,,,,,,,,,,,,,,,,,,,,,,,,,
37.749789,140.480558,103,,2012-10-16T07:10:51Z,Watari; Fukushima Prefecture,??????????,N2,0.73,0.40,0.35,5m,Gamma spectrometer: Georadis RT-30; GPS Model:  Garmin Montana 681,Watari Kirin Kyoshitsu; after-school care for children; North westerly; non-decontaminated area,?????????????????????????????,,,,,,,,,,,,,,,,,,,,,,,,,,,,,,,,,,,,,,,
37.749805,140.480505,104,,2012-10-16T07:13:28Z,Watari; Fukushima Prefecture,??????????,N2,0.59,0.59,0.47,10m,Gamma spectrometer: Georadis RT-30; GPS Model:  Garmin Montana 682,Watari Kirin Kyoshitsu; after-school care for children; North westerly; non-decontaminated area,?????????????????????????????,,,,,,,,,,,,,,,,,,,,,,,,,,,,,,,,,,,,,,,
37.749756,140.480595,105,,2012-10-16T07:16:44Z,Watari; Fukushima Prefecture,??????????,N2,0.64,0.81,1.10,5m,Gamma spectrometer: Georadis RT-30; GPS Model:  Garmin Montana 683,Watari Kirin Kyoshitsu; after-school care for children South westerly. Around the shrine; non-decontaminated area.,??????????????????????????????????,,,,,,,,,,,,,,,,,,,,,,,,,,,,,,,,,,,,,,,
37.749677,140.480573,106,,2012-10-16T07:18:01Z,Watari; Fukushima Prefecture,??????????,N2,0.85,1.10,1.50,10m,Gamma spectrometer: Georadis RT-30; GPS Model:  Garmin Montana 684,Watari Kirin Kyoshitsu; after-school care for children; South easterly. Around the shrine,??????????????????????????????,,,,,,,,,,,,,,,,,,,,,,,,,,,,,,,,,,,,,,,
37.749643,140.480474,107,,2012-10-16T07:20:50Z,Watari; Fukushima Prefecture,??????????,N2,0.89,1.23,1.73,n/a,Gamma spectrometer: Georadis RT-30; GPS Model:  Garmin Montana 685,Watari Kirin Kyoshitsu; after-school care for children;temple area; non-decontaminated area; West.,?????????????????????????????????,,,,,,,,,,,,,,,,,,,,,,,,,,,,,,,,,,,,,,,
37.749687,140.480472,108,,2012-10-16T07:22:52Z,Watari; Fukushima Prefecture,??????????,N2,0.97,1.47,2.87,n/a,Gamma spectrometer: Georadis RT-30; GPS Model:  Garmin Montana 686,Watari Kirin Kyoshitsu; after-school care for children. At steps of temple. South east of school. Children present and playing here whilst measuring.,??????????????????????????????????????,,,,,,,,,,,,,,,,,,,,,,,,,,,,,,,,,,,,,,,
37.749607,140.480511,109,,2012-10-16T07:25:25Z,Watari; Fukushima Prefecture,??????????,N2,0.20,0.21,0.20,17m,Gamma spectrometer: Georadis RT-30; GPS Model:  Garmin Montana 687,Watari Kirin Kyoshitsu; after-school care for children;. oad opposite temple. Southwesterly; decontaminated area.,??????????????????????????????????????????,,,,,,,,,,,,,,,,,,,,,,,,,,,,,,,,,,,,,,,
37.749598,140.485492,111,,2012-10-17T00:38:13Z,Watari; Fukushima Prefecture,??????????,N3,0.43,0.51,0.59,0m,Gamma spectrometer: Georadis RT-30; GPS Model:  Garmin Montana 688,Watari Gakushu Centre (community centre); Sand around measuring post - decontaminated completed MP - 0.46uSv/hr,????????????????????????2012?10?13?????,,,,,,,,,,,,,,,,,,,,,,,,,,,,,,,,,,,,,,,
37.749588,140.485511,112,,2012-10-17T00:42:25Z,Watari; Fukushima Prefecture,??????????,N3,0.17,0.16,0.17,5m,Gamma spectrometer: Georadis RT-30; GPS Model:  Garmin Montana 689,Watari Gakushu Centre (community centre);  NW direction. Slightly under ridge of steps,???????????????????????????,,,,,,,,,,,,,,,,,,,,,,,,,,,,,,,,,,,,,,,
37.749604,140.485511,113,,2012-10-17T00:44:46Z,Watari; Fukushima Prefecture,??????????,N3,0.33,0.35,0.33,10m,Gamma spectrometer: Georadis RT-30; GPS Model:  Garmin Montana 690,Watari Gakushu Centre (community centre);  undercover of roof,?????????????,,,,,,,,,,,,,,,,,,,,,,,,,,,,,,,,,,,,,,,
37.749779,140.485347,114,,2012-10-17T00:46:50Z,Watari; Fukushima Prefecture,??????????,N3,0.85,0.89,1.20,25m,Gamma spectrometer: Georadis RT-30; GPS Model:  Garmin Montana 691,Watari Gakushu Centre (community centre); edge of car park,??????????????,,,,,,,,,,,,,,,,,,,,,,,,,,,,,,,,,,,,,,,
37.749742,140.485348,115,,2012-10-17T00:48:31Z,Watari; Fukushima Prefecture,??????????,N3,0.44,0.48,0.55,20m,Gamma spectrometer: Georadis RT-30; GPS Model:  Garmin Montana 692,Watari Gakushu Centre (community centre); Nw direction from monitoring post; in middle of car park,????????????????????????????????,,,,,,,,,,,,,,,,,,,,,,,,,,,,,,,,,,,,,,,
37.747585,140.484103,116,,2012-10-17T01:33:55Z,Watari; Fukushima Prefecture,??????????,N3,0.20,0.20,0.25,0m,Gamma spectrometer: Georadis RT-30; GPS Model:  Garmin Montana 693,Childrens Daycare; measuring post reads  MP -0.237 uSv/hr,??????????????????????????? 0.237 uSv/hr,,,,,,,,,,,,,,,,,,,,,,,,,,,,,,,,,,,,,,,
37.747594,140.484101,117,,2012-10-17T01:38:26Z,Watari; Fukushima Prefecture,??????????,N3,0.32,0.32,0.26,5m,Gamma spectrometer: Georadis RT-30; GPS Model:  Garmin Montana 694,Childrens Daycare; SE - soil surface,???????????????????,,,,,,,,,,,,,,,,,,,,,,,,,,,,,,,,,,,,,,,
37.747574,140.484151,118,,2012-10-17T01:40:10Z,Watari; Fukushima Prefecture,??????????,N3,0.47,0.49,0.45,10m,Gamma spectrometer: Georadis RT-30; GPS Model:  Garmin Montana 695,Childrens Daycare; SE - soil surface,???????????????????,,,,,,,,,,,,,,,,,,,,,,,,,,,,,,,,,,,,,,,
37.747577,140.484148,119,,2012-10-17T01:43:44Z,Watari; Fukushima Prefecture,??????????,N3,0.84,0.87,1.73,8m,Gamma spectrometer: Georadis RT-30; GPS Model:  Garmin Montana 696,Childrens Daycare; Ditch along the road,???????????,Ditch along the road,,,,,,,,,,,,,,,,,,,,,,,,,,,,,,,,,,,,,,
37.747582,140.484111,120,,2012-10-17T01:47:29Z,Watari; Fukushima Prefecture,??????????,N3,0.54,0.66,0.76,3m,Gamma spectrometer: Georadis RT-30; GPS Model:  Garmin Montana 697,Childrens Daycare; Hedge of next door neighbour over the fence,??????????,Hedge of neighbour over fence,,,,,,,,,,,,,,,,,,,,,,,,,,,,,,,,,,,,,,
37.747602,140.48403,121,,2012-10-17T01:50:05Z,Watari; Fukushima Prefecture,??????????,N3,0.18,0.20,0.23,5m,Gamma spectrometer: Georadis RT-30; GPS Model:  Garmin Montana 698,Childrens Daycare. In front of steps. South west,????????????????????????,In front of steps. South west,,,,,,,,,,,,,,,,,,,,,,,,,,,,,,,,,,,,,,
37.747559,140.484767,122,,2012-10-17T02:06:21Z,Watari; Fukushima Prefecture,??????????,N3,1.30,0.92,0.78,,Gamma spectrometer: Georadis RT-30; GPS Model:  Garmin Montana 699,private house Garden - soil; trimmed grass,????????????,private house Garden - soil; trimmed grass,,,,,,,,,,,,,,,,,,,,,,,,,,,,,,,,,,,,,,
37.740068,140.471513,123,,2012-10-17T02:21:09Z,Watari; Fukushima Prefecture,??????????,N3,1.00,1.13,1.20,Bentanganma Mountain,Gamma spectrometer: Georadis RT-30; GPS Model:  Garmin Montana 700, Bentenyama Park ;pathway,????????,pathway,,,,,,,,,,,,,,,,,,,,,,,,,,,,,,,,,,,,,,
37.740921,140.4714,124,,2012-10-17T02:25:40Z,Watari; Fukushima Prefecture,??????????,N3,1.50,1.70,2.13,Bentanganma Mountain,Gamma spectrometer: Georadis RT-30; GPS Model:  Garmin Montana 701,Bentenyama Park ; top on path,???????????,top on path,,,,,,,,,,,,,,,,,,,,,,,,,,,,,,,,,,,,,,
37.741946,140.471142,125,,2012-10-17T02:29:50Z,Watari; Fukushima Prefecture,??????????,N3,0.36,0.42,0.64,Bentanganma Mountain,Gamma spectrometer: Georadis RT-30; GPS Model:  Garmin Montana 702,Bentenyama Park; strong winds - decontaminated area,????????????,windy deconed area,,,,,,,,,,,,,,,,,,,,,,,,,,,,,,,,,,,,,,
37.742931,140.473481,126,,2012-10-17T02:37:49Z,Watari; Fukushima Prefecture,??????????,N3,0.19,0.19,0.18,0m @ station on hill,Gamma spectrometer: Georadis RT-30; GPS Model:  Garmin Montana 703, Bentenyama Park; 0.243 uSv/h at measuring station ,?????????????????????????????0.243 uSv/h,o.243 uSv/h at station,,,,,,,,,,,,,,,,,,,,,,,,,,,,,,,,,,,,,,
37.742974,140.473277,127,,2012-10-17T02:39:13Z,Watari; Fukushima Prefecture,??????????,N3,0.17,0.17,0.19,~5m,Gamma spectrometer: Georadis RT-30; GPS Model:  Garmin Montana 704,Bentenyama Park Direction of north; decontaminated,??????????????????????,Direction of north; deconed,,,,,,,,,,,,,,,,,,,,,,,,,,,,,,,,,,,,,,
37.743004,140.473264,128,,2012-10-17T02:41:29Z,Watari; Fukushima Prefecture,??????????,N3,0.36,0.39,0.43,~10m,Gamma spectrometer: Georadis RT-30; GPS Model:  Garmin Montana 705,Bentenyama Park side of pathway,??????????,side of pathway,,,,,,,,,,,,,,,,,,,,,,,,,,,,,,,,,,,,,,
37.74305,140.473281,129,,2012-10-17T02:42:54Z,Watari; Fukushima Prefecture,??????????,N3,1.40,1.40,1.97,~11m,Gamma spectrometer: Georadis RT-30; GPS Model:  Garmin Montana 706, Bentenyama Park by tree,???????????,by tree,,,,,,,,,,,,,,,,,,,,,,,,,,,,,,,,,,,,,,
37.743065,140.473284,130,,2012-10-17T02:44:28Z,Watari; Fukushima Prefecture,??????????,N3,0.43,0.42,0.39,~50m,Gamma spectrometer: Georadis RT-30; GPS Model:  Garmin Montana 707,Bentenyama Park; children play area N50m;decontaminated,???????????????????50m????????????????,children play area N50m;deconed.,,,,,,,,,,,,,,,,,,,,,,,,,,,,,,,,,,,,,,
37.742927,140.473808,131,,2012-10-17T02:47:06Z,Watari; Fukushima Prefecture,??????????,N3,0.63,0.76,1.13,,Gamma spectrometer: Georadis RT-30; GPS Model:  Garmin Montana 708,Bentenyama Park,?????,,,,,,,,,,,,,,,,,,,,,,,,,,,,,,,,,,,,,,,
37.742936,140.473849,132,,2012-10-17T02:48:26Z,Watari; Fukushima Prefecture,??????????,N3,1.57,1.80,1.70,,Gamma spectrometer: Georadis RT-30; GPS Model:  Garmin Montana 709,Bentenyama Park ; on pathway; bank; facing north-east on monitoring station,?????????????????????????,on pathway; bank; facing north-east on monitoring station,,,,,,,,,,,,,,,,,,,,,,,,,,,,,,,,,,,,,,
37.742936,140.473849,133,,2012-10-17T02:48:36Z,Watari; Fukushima Prefecture,??????????,N3,1.53,1.70,2.00,,Gamma spectrometer: Georadis RT-30; GPS Model:  Garmin Montana 710,Bentenyama Park; pathway downhill facing town.,?????????????,pathway downhill facing town.,,,,,,,,,,,,,,,,,,,,,,,,,,,,,,,,,,,,,,
37.74282,140.474279,134,,2012-10-17T02:51:27Z,Watari; Fukushima Prefecture,??????????,N3,1.60,1.77,2.17,,Gamma spectrometer: Georadis RT-30; GPS Model:  Garmin Montana 711, Bentenyama Park; small park other side of hill,???????????????????,small park other side of hill,,,,,,,,,,,,,,,,,,,,,,,,,,,,,,,,,,,,,,
37.742821,140.474432,135,,2012-10-17T02:53:54Z,Watari; Fukushima Prefecture,??????????,N3,1.57,1.73,1.97,,Gamma spectrometer: Georadis RT-30; GPS Model:  Garmin Montana 712, Bentenyama Park - play area,?????????,park,,,,,,,,,,,,,,,,,,,,,,,,,,,,,,,,,,,,,,
37.743434,140.47462,136,,2012-10-17T02:59:19Z,Watari; Fukushima Prefecture,??????????,N3,1.67,1.83,1.80,,Gamma spectrometer: Georadis RT-30; GPS Model:  Garmin Montana 713,Bentenyama Park pathway concrete to path,??????????????????,pathway concrete to path,,,,,,,,,,,,,,,,,,,,,,,,,,,,,,,,,,,,,,
37.743603,140.474605,137,,2012-10-17T03:01:11Z,Watari; Fukushima Prefecture,??????????,N3,1.20,1.30,1.80,,Gamma spectrometer: Georadis RT-30; GPS Model:  Garmin Montana 714, Bentenyama Park ; path; next to house soil; up to path.,?????????????????,path; next to house soil; up to path.,,,,,,,,,,,,,,,,,,,,,,,,,,,,,,,,,,,,,,
37.743664,140.474829,138,,2012-10-17T03:03:33Z,Shinobuyama; Fukushima Prefecture,??????????,N3,0.81,1.00,1.10,,Gamma spectrometer: Georadis RT-30; GPS Model:  Garmin Montana 715, Shinobuyama Baseball Stadium Facing west beside the stadium. Slope towards the stadium,???????????,Facing west beside the stadium. Slope towards the stadium,,,,,,,,,,,,,,,,,,,,,,,,,,,,,,,,,,,,,,
37.743719,140.474845,139,,2012-10-17T03:04:58Z,Shinobuyama; Fukushima Prefecture,???????????,N3,1.30,1.40,1.63,,Gamma spectrometer: Georadis RT-30; GPS Model:  Garmin Montana 716, Shinobuyama Baseball Stadium Facing west beside the stadium. Slope towards the stadium,???????????,Facing west beside the stadium. Slope towards the stadium,,,,,,,,,,,,,,,,,,,,,,,,,,,,,,,,,,,,,,
37.776349,140.488344,140,,2012-10-17T05:28:29Z,Shinobuyama; Fukushima Prefecture,???????????,N4,0.95,0.89,0.91,,Gamma spectrometer: Georadis RT-30; GPS Model:  Garmin Montana 717, Shinobuyama Baseball Stadium ; Facing west beside the stadium. Slope towards the stadium,???????????,Facing west beside the stadium. Slope towards the stadium,,,,,,,,,,,,,,,,,,,,,,,,,,,,,,,,,,,,,,
37.776372,140.488394,141,,2012-10-17T05:30:45Z,Shinobuyama; Fukushima Prefecture,???????????,N4,0.87,0.93,0.94,,Gamma spectrometer: Georadis RT-30; GPS Model:  Garmin Montana 718, Shinobuyama Baseball Stadium ; Facing west towards higher road trail; next to sand field.,??????????????????,Facing west towards higher road trail; next to sand field.,,,,,,,,,,,,,,,,,,,,,,,,,,,,,,,,,,,,,,
37.776368,140.488558,142,,2012-10-17T05:32:18Z,Shinobuyama; Fukushima Prefecture,???????????,N4,0.70,0.77,0.78,,Gamma spectrometer: Georadis RT-30; GPS Model:  Garmin Montana 719,Shinobuyama Baseball Stadium Facing west towards higher road trail; next to sand field.,??????????????????,Facing west towards higher road trail; next to sand field.,,,,,,,,,,,,,,,,,,,,,,,,,,,,,,,,,,,,,,
37.776364,140.488678,143,,2012-10-17T05:34:20Z,Shinobuyama; Fukushima Prefecture,???????????,N4,0.99,1.10,1.10,,Gamma spectrometer: Georadis RT-30; GPS Model:  Garmin Montana 720,Shinobuyama Baseball Stadium; Facing east slope road leading down to sand field.,?????????????????,Facing east slope road leading down to sand field.,,,,,,,,,,,,,,,,,,,,,,,,,,,,,,,,,,,,,,
37.776389,140.488874,144,,2012-10-17T05:35:57Z,Shinobuyama; Fukushima Prefecture,???????????,N4,0.67,0.76,0.85,,Gamma spectrometer: Georadis RT-30; GPS Model:  Garmin Montana 721,Shinobuyama Baseball Stadium .Facing east slope road leading down to sand field.,?????????????????,Facing east slope road leading down to sand field.,,,,,,,,,,,,,,,,,,,,,,,,,,,,,,,,,,,,,,
37.776589,140.489356,145,,2012-10-17T05:40:00Z,Shinobuyama; Fukushima Prefecture,???????????,N4,0.68,0.79,0.80,,Gamma spectrometer: Georadis RT-30; GPS Model:  Garmin Montana 722,Shinobuyama Baseball Stadium ;Facing east entering sand field,????????????????,Facing east entering sand field,,,,,,,,,,,,,,,,,,,,,,,,,,,,,,,,,,,,,,
37.776655,140.489484,146,,2012-10-17T05:41:41Z,Shinobuyama; Fukushima Prefecture,???????????,N4,0.25,0.29,0.35,,Gamma spectrometer: Georadis RT-30; GPS Model:  Garmin Montana 723,Shinobuyama Baseball Stadium behind stadium ; Inside edge of sand field,???????????????,Inside edge of sand field,,,,,,,,,,,,,,,,,,,,,,,,,,,,,,,,,,,,,,
37.776693,140.489602,147,,2012-10-17T05:43:19Z,Shinobuyama; Fukushima Prefecture,???????????,N4,0.50,0.44,0.34,,Gamma spectrometer: Georadis RT-30; GPS Model:  Garmin Montana 724,Shinobuyama Baseball Stadium; Outside edge of sand field; under the slope,???????????????,Outside edge of sand field; under the slope,,,,,,,,,,,,,,,,,,,,,,,,,,,,,,,,,,,,,,
37.77678,140.489668,148,,2012-10-17T05:44:37Z,Shinobuyama; Fukushima Prefecture,???????????,N4,0.90,1.10,1.13,,Gamma spectrometer: Georadis RT-30; GPS Model:  Garmin Montana 725,Shinobuyama Baseball Stadium; On steps to the sand field. Facing north on grass.,????????????????????,On steps to the sand field. Facing north on grass.,,,,,,,,,,,,,,,,,,,,,,,,,,,,,,,,,,,,,,
37.776668,140.489276,149,,2012-10-17T05:46:32Z,Shinobuyama; Fukushima Prefecture,???????????,N4,0.40,0.50,0.63,,Gamma spectrometer: Georadis RT-30; GPS Model:  Garmin Montana 726,Shinobuyama Baseball Stadium; West of stadium bench,???????????,West of stadium bench,,,,,,,,,,,,,,,,,,,,,,,,,,,,,,,,,,,,,,
37.776536,140.488607,150,,2012-10-17T05:49:24Z,Shinobuyama; Fukushima Prefecture,???????????,N4,1.07,1.30,1.57,,Gamma spectrometer: Georadis RT-30; GPS Model:  Garmin Montana 727,Shinobuyama Baseball Stadium ; North facing inside car park lot. Outside small plyaground.,?????????????????????,North facing inside car park lot. Outside small plyaground.,,,,,,,,,,,,,,,,,,,,,,,,,,,,,,,,,,,,,,
37.776176,140.488299,151,,2012-10-17T05:59:09Z,Shinobuyama; Fukushima Prefecture,???????????,N4,0.81,0.90,0.93,,Gamma spectrometer: Georadis RT-30; GPS Model:  Garmin Montana 728,Shinobuyama Baseball Stadium; North entrance to small playground. Flower sidewalk inside.,???????????????????????,North entrance to small playground. Flower sidewalk inside.,,,,,,,,,,,,,,,,,,,,,,,,,,,,,,,,,,,,,,
37.775841,140.487773,152,,2012-10-17T06:02:34Z,Shinobuyama; Fukushima Prefecture,???????????,N4,0.97,1.13,1.23,,Gamma spectrometer: Georadis RT-30; GPS Model:  Garmin Montana 729,Shinobuyama Baseball Stadium; Southward of small playground,????????????,Southward of small playground,,,,,,,,,,,,,,,,,,,,,,,,,,,,,,,,,,,,,,
37.776014,140.487557,153,,2012-10-17T06:06:43Z,Shinobuyama; Fukushima Prefecture,???????????,N4,0.86,0.97,0.99,,Gamma spectrometer: Georadis RT-30; GPS Model:  Garmin Montana 730,Shinobuyama Baseball Stadium; Swing stall. Seat plank.,????????????????????,Swing stall. Seat plank.,,,,,,,,,,,,,,,,,,,,,,,,,,,,,,,,,,,,,,
37.775954,140.487541,154,,2012-10-17T06:08:25Z,Shinobuyama; Fukushima Prefecture,???????????,N4,1.07,1.27,1.73,,Gamma spectrometer: Georadis RT-30; GPS Model:  Garmin Montana 731,Shinobuyama Baseball Stadium; End of slide in the same playground,???????????????,End of slide in the same playground,,,,,,,,,,,,,,,,,,,,,,,,,,,,,,,,,,,,,,
37.775924,140.487537,155,,2012-10-17T06:09:36Z,Shinobuyama; Fukushima Prefecture,???????????,N4,0.68,0.83,1.00,,Gamma spectrometer: Georadis RT-30; GPS Model:  Garmin Montana 732,Shinobuyama Baseball Stadium; South corner of playground,??????????????,South corner of playground,,,,,,,,,,,,,,,,,,,,,,,,,,,,,,,,,,,,,,
37.77591,140.487565,156,,2012-10-17T06:10:56Z,Shinobuyama; Fukushima Prefecture,???????????,N4,1.03,1.20,1.47,,Gamma spectrometer: Georadis RT-30; GPS Model:  Garmin Montana 733,Shinobuyama Baseball Stadium; West corner of playground,??????????????,West corner of playground,,,,,,,,,,,,,,,,,,,,,,,,,,,,,,,,,,,,,,
37.775883,140.487508,157,,2012-10-17T06:12:41Z,Shinobuyama; Fukushima Prefecture,???????????,N4,1.03,1.17,1.13,,Gamma spectrometer: Georadis RT-30; GPS Model:  Garmin Montana 734,Shinobuyama Baseball Stadium; Northward to west corner of playground,???????????????????,Northward to west corner of playground,,,,,,,,,,,,,,,,,,,,,,,,,,,,,,,,,,,,,,
37.775812,140.487712,158,,2012-10-17T06:14:06Z,Shinobuyama; Fukushima Prefecture,???????????,N4,0.89,1.13,1.17,,Gamma spectrometer: Georadis RT-30; GPS Model:  Garmin Montana 735,Shinobuyama Baseball Stadium;North corner of playground,??????????????,North corner of playground,,,,,,,,,,,,,,,,,,,,,,,,,,,,,,,,,,,,,,
37.775855,140.487749,159,,2012-10-17T06:16:03Z,Shinobuyama; Fukushima Prefecture,???????????,N4,1.17,1.37,1.30,,Gamma spectrometer: Georadis RT-30; GPS Model:  Garmin Montana 736,Shinobuyama Baseball Stadium; Under the tree,??????????,Under the tree,,,,,,,,,,,,,,,,,,,,,,,,,,,,,,,,,,,,,,
37.775893,140.487766,160,,2012-10-17T06:17:06Z,Shinobuyama; Fukushima Prefecture,???????????,N4,0.89,1.17,1.17,,Gamma spectrometer: Georadis RT-30; GPS Model:  Garmin Montana 737,Near Shinobuyama Baseball Stadium.,???????,,,,,,,,,,,,,,,,,,,,,,,,,,,,,,,,,,,,,,,
37.775908,140.487704,161,,2012-10-17T06:18:23Z,Shinobuyama; Fukushima Prefecture,???????????,N4,1.17,1.37,1.30,,Gamma spectrometer: Georadis RT-30; GPS Model:  Garmin Montana 738,under tree in play area,???????,,,,,,,,,,,,,,,,,,,,,,,,,,,,,,,,,,,,,,,
37.758192,140.468197,162,,2012-10-17T23:54:44Z,Shinhamacho; Fukushima Prefecture,???????????,N5,0.22,0.23,0.21,0m,Gamma spectrometer: Georadis RT-30; GPS Model:  Garmin Montana 739,path - decontamined on ground area new grass layed at base  - 0.223uSv/h,???? ???????????????????????????? 0.223uSv/h,,,,,,,,,,,,,,,,,,,,,,,,,,,,,,,,,,,,,,,
37.758278,140.468205,163,,2012-10-17T23:59:38Z,Shinhamacho; Fukushima Prefecture,???????????,N5,0.29,0.37,0.39,5m,Gamma spectrometer: Georadis RT-30; GPS Model:  Garmin Montana 740,west of corner 5m on pathway,???? ????5m?????,,,,,,,,,,,,,,,,,,,,,,,,,,,,,,,,,,,,,,,
37.758274,140.468156,164,,2012-10-18T00:01:00Z,Shinhamacho; Fukushima Prefecture,???????????,N5,0.28,0.32,0.24,10m,Gamma spectrometer: Georadis RT-30; GPS Model:  Garmin Montana 741,west concrete pathways banks.,???? ?????????????10m?????????????,,,,,,,,,,,,,,,,,,,,,,,,,,,,,,,,,,,,,,,
37.758286,140.468091,165,,2012-10-18T00:02:55Z,Shinhamacho; Fukushima Prefecture,???????????,N5,0.35,0.36,0.34,20m,Gamma spectrometer: Georadis RT-30; GPS Model:  Garmin Montana 742,west  entrance to path,???? ?????????????20m???????,,,,,,,,,,,,,,,,,,,,,,,,,,,,,,,,,,,,,,,
37.758308,140.46806,166,,2012-10-18T00:05:05Z,Shinhamacho; Fukushima Prefecture,???????????,N5,0.42,0.43,0.40,20m,Gamma spectrometer: Georadis RT-30; GPS Model:  Garmin Montana 743,west ,???? ?????????????20m,,,,,,,,,,,,,,,,,,,,,,,,,,,,,,,,,,,,,,,
37.758271,140.467935,167,,2012-10-18T00:11:54Z,Shinhamacho; Fukushima Prefecture,???????????,N5,1.03,1.23,1.93,,Gamma spectrometer: Georadis RT-30; GPS Model:  Garmin Montana 744,edge of path by hedge SW,???? ???????????,,,,,,,,,,,,,,,,,,,,,,,,,,,,,,,,,,,,,,,
37.758502,140.467964,168,,2012-10-18T00:13:37Z,Shinhamacho; Fukushima Prefecture,???????????,N5,0.54,0.58,0.54,,Gamma spectrometer: Georadis RT-30; GPS Model:  Garmin Montana 745,drainage inside park,???? ????????,,,,,,,,,,,,,,,,,,,,,,,,,,,,,,,,,,,,,,,
37.757814,140.4688,169,,2012-10-18T00:21:30Z,Shinhamacho; Fukushima Prefecture,???????????,N5,0.14,0.14,0.15,,Gamma spectrometer: Georadis RT-30; GPS Model:  Garmin Montana 746,playground decontaminated,???? ???????,,,,,,,,,,,,,,,,,,,,,,,,,,,,,,,,,,,,,,,
37.756413,140.468269,170,,2012-10-18T00:27:35Z,Shinmachi; Fukushima Prefecture,???????????,N5,0.98,1.33,1.63,,Gamma spectrometer: Georadis RT-30; GPS Model:  Garmin Montana 747,hospital in carpark,??? ??????,,,,,,,,,,,,,,,,,,,,,,,,,,,,,,,,,,,,,,,
37.763391,140.462771,171,,2012-10-18T00:47:34Z,Moriaicho; Fukushima Prefecture,??????????,N5,0.22,0.24,0.19,0m,Gamma spectrometer: Georadis RT-30; GPS Model:  Garmin Montana 748, at park @ monitor station - 0.302uSv/h,????? ????????????????0.302uSv/h,,,,,,,,,,,,,,,,,,,,,,,,,,,,,,,,,,,,,,,
37.763399,140.462781,172,,2012-10-18T00:49:35Z,Moriaicho; Fukushima Prefecture,???????????,N5,0.20,0.21,0.19,5m,Gamma spectrometer: Georadis RT-30; GPS Model:  Garmin Montana 749, close to road and kindergarten,????? ???????????5m??????????,,,,,,,,,,,,,,,,,,,,,,,,,,,,,,,,,,,,,,,
37.763367,140.462785,173,,2012-10-18T00:50:57Z,Moriaicho; Fukushima Prefecture,???????????,N5,0.27,0.28,0.27,10m,Gamma spectrometer: Georadis RT-30; GPS Model:  Garmin Montana 750, in temple grounds,????? ???????????10m???,,,,,,,,,,,,,,,,,,,,,,,,,,,,,,,,,,,,,,,
37.763367,140.462785,174,,2012-10-18T00:51:56Z,Moriaicho; Fukushima Prefecture,???????????,N5,0.32,0.36,0.33,12.5m,Gamma spectrometer: Georadis RT-30; GPS Model:  Garmin Montana 751, temple steps,????? ???????????12.5m??????,,,,,,,,,,,,,,,,,,,,,,,,,,,,,,,,,,,,,,,
37.76325,140.46267,175,,2012-10-18T00:54:37Z,Moriaicho; Fukushima Prefecture,???????????,N5,0.86,1.10,1.47,30m,Gamma spectrometer: Georadis RT-30; GPS Model:  Garmin Montana 752, by car park,????? ??????????? 30m??????,,,,,,,,,,,,,,,,,,,,,,,,,,,,,,,,,,,,,,,
37.763141,140.462573,176,,2012-10-18T00:56:03Z,Moriaicho; Fukushima Prefecture,???????????,N5,1.37,1.50,1.50,30m,Gamma spectrometer: Georadis RT-30; GPS Model:  Garmin Montana 753, next to kindergarten,????? ??????????? 30m??????,,,,,,,,,,,,,,,,,,,,,,,,,,,,,,,,,,,,,,,
37.763104,140.462551,177,,2012-10-18T00:57:18Z,Moriaicho; Fukushima Prefecture,???????????,N5,1.93,3.72,4.90,,Gamma spectrometer: Georadis RT-30; GPS Model:  Garmin Montana 754,by kindergarten,????? ?????,,,,,,,,,,,,,,,,,,,,,,,,,,,,,,,,,,,,,,,
37.763278,140.461982,178,,2012-10-18T00:59:35Z,Moriaicho; Fukushima Prefecture,???????????,N5,1.10,1.30,1.40,,Gamma spectrometer: Georadis RT-30; GPS Model:  Garmin Montana 755,small park,????? ?????,,,,,,,,,,,,,,,,,,,,,,,,,,,,,,,,,,,,,,,
37.76361,140.46184,179,,2012-10-18T01:01:55Z,Moriaicho; Fukushima Prefecture,???????????,N5,0.85,0.86,0.97,,Gamma spectrometer: Georadis RT-30; GPS Model:  Garmin Montana 756,small park,?????,,,,,,,,,,,,,,,,,,,,,,,,,,,,,,,,,,,,,,,
37.763707,140.461887,180,,2012-10-18T01:04:02Z,Moriaicho; Fukushima Prefecture,???????????,N5,1.20,1.30,1.70,,Gamma spectrometer: Georadis RT-30; GPS Model:  Garmin Montana 757,under swing private park,????? ??????,,,,,,,,,,,,,,,,,,,,,,,,,,,,,,,,,,,,,,,
37.762521,140.464001,182,,2012-10-18T01:11:49Z,Moriaicho; Fukushima Prefecture,???????????,N5,0.34,0.32,0.23,0m,Gamma spectrometer: Georadis RT-30; GPS Model:  Garmin Montana 758,Monitoring station near hospital -0.325uSv/h; southward,???????????????????????????0.325uSv/h,,,,,,,,,,,,,,,,,,,,,,,,,,,,,,,,,,,,,,,
37.762523,140.464034,183,,2012-10-18T01:13:15Z,Moriaicho; Fukushima Prefecture,???????????,N5,0.60,0.81,1.10,5m,Gamma spectrometer: Georadis RT-30; GPS Model:  Garmin Montana 759,on parkway read tarmac,??????????????5m?????????????,,,,,,,,,,,,,,,,,,,,,,,,,,,,,,,,,,,,,,,
37.762523,140.46404,184,,2012-10-18T01:14:40Z,Moriaicho; Fukushima Prefecture,???????????,N5,0.53,0.73,0.94,10m,Gamma spectrometer: Georadis RT-30; GPS Model:  Garmin Montana 760,10m from monitoring station,??????????????10m,,,,,,,,,,,,,,,,,,,,,,,,,,,,,,,,,,,,,,,
37.762394,140.464127,185,,2012-10-18T01:16:12Z,Moriaicho; Fukushima Prefecture,???????????,N5,0.25,0.24,0.21,18m,Gamma spectrometer: Georadis RT-30; GPS Model:  Garmin Montana 761, road; decontaminated,??????????????18m?????,,,,,,,,,,,,,,,,,,,,,,,,,,,,,,,,,,,,,,,
37.762316,140.46383,186,,2012-10-18T01:20:43Z,Moriaicho; Fukushima Prefecture,???????????,N5,0.75,0.85,0.78,40m,Gamma spectrometer: Georadis RT-30; GPS Model:  Garmin Montana 762, by drain on the road,??????????????40m?????????,,,,,,,,,,,,,,,,,,,,,,,,,,,,,,,,,,,,,,,
37.762294,140.463867,187,,2012-10-18T01:23:34Z,Moriaicho; Fukushima Prefecture,???????????,N5,1.00,1.20,1.47,,Gamma spectrometer: Georadis RT-30; GPS Model:  Garmin Montana 763,at car park,???,,,,,,,,,,,,,,,,,,,,,,,,,,,,,,,,,,,,,,,
37.748118,140.473026,188,,2012-10-18T01:53:53Z,Nishinouchi; Fukushima Prefecture,???????????,N5,0.96,1.10,1.40,,Gamma spectrometer: Georadis RT-30; GPS Model:  Garmin Montana 764,vegetable patch next to road; Private Apartment building,??????????????,,,,,,,,,,,,,,,,,,,,,,,,,,,,,,,,,,,,,,,
37.748132,140.472981,189,,2012-10-18T01:55:51Z,Nishinouchi; Fukushima Prefecture,?????????????,N5,1.53,2.27,3.20,,Gamma spectrometer: Georadis RT-30; GPS Model:  Garmin Montana 765,vegetable  garden - ditch,???????,,,,,,,,,,,,,,,,,,,,,,,,,,,,,,,,,,,,,,,
37.748191,140.47289,190,,2012-10-18T01:58:16Z,Nishinouchi; Fukushima Prefecture,?????????????,N5,0.35,0.29,0.21,,Gamma spectrometer: Georadis RT-30; GPS Model:  Garmin Montana 766,Private Apartments,????,,,,,,,,,,,,,,,,,,,,,,,,,,,,,,,,,,,,,,,
37.748171,140.472909,191,,2012-10-18T01:59:46Z,Nishinouchi; Fukushima Prefecture,?????????????,N5,0.56,0.55,0.39,,Gamma spectrometer: Georadis RT-30; GPS Model:  Garmin Montana 767,Private Apartments,????,,,,,,,,,,,,,,,,,,,,,,,,,,,,,,,,,,,,,,,
37.748159,140.472914,192,,2012-10-18T02:00:46Z,Nishinouchi; Fukushima Prefecture,?????????????,N5,0.76,0.75,0.75,,Gamma spectrometer: Georadis RT-30; GPS Model:  Garmin Montana 768,Vegetable patch next to decontaminated  area,?????????????????,,,,,,,,,,,,,,,,,,,,,,,,,,,,,,,,,,,,,,,
37.748076,140.472963,193,,2012-10-18T02:03:01Z,Nishinouchi; Fukushima Prefecture,?????????????,N5,1.40,1.70,2.60,,Gamma spectrometer: Georadis RT-30; GPS Model:  Garmin Montana 769,vegetable patch,???????,,,,,,,,,,,,,,,,,,,,,,,,,,,,,,,,,,,,,,,
37.748147,140.472895,194,,2012-10-18T02:16:56Z,Nishinouchi; Fukushima Prefecture,?????????????,N5,0.91,1.07,0.86,,Gamma spectrometer: Georadis RT-30; GPS Model:  Garmin Montana 770,vegetable patch,???????,,,,,,,,,,,,,,,,,,,,,,,,,,,,,,,,,,,,,,,
37.748132,140.472901,195,,2012-10-18T02:18:13Z,Nishinouchi; Fukushima Prefecture,?????????????,N5,1.03,1.20,1.20,,Gamma spectrometer: Georadis RT-30; GPS Model:  Garmin Montana 771,vegetable patch,???????,,,,,,,,,,,,,,,,,,,,,,,,,,,,,,,,,,,,,,,
37.748211,140.472799,196,,2012-10-18T02:20:13Z,Nishinouchi; Fukushima Prefecture,?????????????,N5,1.10,1.20,0.81,,Gamma spectrometer: Georadis RT-30; GPS Model:  Garmin Montana 772,opposite the decontaminated area; on the road,??????????????????????,,,,,,,,,,,,,,,,,,,,,,,,,,,,,,,,,,,,,,,
37.748211,140.472744,197,,2012-10-18T02:22:08Z,Nishinouchi; Fukushima Prefecture,?????????????,N5,1.27,1.60,1.80,,Gamma spectrometer: Georadis RT-30; GPS Model:  Garmin Montana 773,opposite the decontaminated area; on the road,??????????????????????,,,,,,,,,,,,,,,,,,,,,,,,,,,,,,,,,,,,,,,
37.747979,140.472968,198,,2012-10-18T02:24:22Z,Nishinouchi; Fukushima Prefecture,?????????????,N5,2.60,5.20,11.27,,Gamma spectrometer: Georadis RT-30; GPS Model:  Garmin Montana 774,Ditch opposite  entrance of building,????????????????????????,,,,,,,,,,,,,,,,,,,,,,,,,,,,,,,,,,,,,,,
37.747973,140.472976,199,,2012-10-18T02:26:48Z,Nishinouchi; Fukushima Prefecture,?????????????,N5,1.80,4.70,9.77,,Gamma spectrometer: Georadis RT-30; GPS Model:  Garmin Montana 775,Ditch south  of entrance,???????????????????????????,,,,,,,,,,,,,,,,,,,,,,,,,,,,,,,,,,,,,,,
37.748071,140.4724,200,,2012-10-18T02:31:16Z,Nishinouchi; Fukushima Prefecture,?????????????,N5,0.82,1.07,1.30,,Gamma spectrometer: Georadis RT-30; GPS Model:  Garmin Montana 776,side of Fukushima City Hall; Watari Branch ( Government ) Building,????????????????,,,,,,,,,,,,,,,,,,,,,,,,,,,,,,,,,,,,,,,
37.748133,140.472636,201,,2012-10-18T02:32:51Z,Nishinouchi; Fukushima Prefecture,?????????????,N5,1.30,1.93,3.23,,Gamma spectrometer: Georadis RT-30; GPS Model:  Garmin Montana 777,bottom of ditch is 0.5m below surface level,?????????????????????50cm?,,,,,,,,,,,,,,,,,,,,,,,,,,,,,,,,,,,,,,,
37.76307,140.468468,202,,2012-10-18T04:25:00Z,Kasumicho; Fukushima Prefecture,?????????????,N5,0.22,0.21,0.22,0m,Gamma spectrometer: Georadis RT-30; GPS Model:  Garmin Montana 778, School Monitoring Station. 0.288 uSv/h; in baseball field,??????????????????????????????????0.288 uSv/h,,,,,,,,,,,,,,,,,,,,,,,,,,,,,,,,,,,,,,,
37.763193,140.468414,203,,2012-10-18T04:27:01Z,Kasumicho; Fukushima Prefecture,??????????,N5,0.34,0.34,0.36,5m,Gamma spectrometer: Georadis RT-30; GPS Model:  Garmin Montana 779,School,??????????????5m,,,,,,,,,,,,,,,,,,,,,,,,,,,,,,,,,,,,,,,
37.763193,140.468446,204,,2012-10-18T04:28:41Z,Kasumicho; Fukushima Prefecture,??????????,N5,0.40,0.49,0.57,10m,Gamma spectrometer: Georadis RT-30; GPS Model:  Garmin Montana 780, stone surface side of school,??????????????10m????????,,,,,,,,,,,,,,,,,,,,,,,,,,,,,,,,,,,,,,,
37.763138,140.468462,206,,2012-10-18T04:32:02Z,Kasumicho; Fukushima Prefecture,??????????,N5,0.59,0.64,0.97,20m,Gamma spectrometer: Georadis RT-30; GPS Model:  Garmin Montana 781, stones by park  at the edge of school,??????????????20m????????????,,,,,,,,,,,,,,,,,,,,,,,,,,,,,,,,,,,,,,,
37.763136,140.468463,207,,2012-10-18T04:32:12Z,Kasumicho; Fukushima Prefecture,??????????,N5,0.28,0.59,0.59,5m,Gamma spectrometer: Georadis RT-30; GPS Model:  Garmin Montana 782,5m from monitoring station decontaminated area; west of MP.,????????????????5m????????,,,,,,,,,,,,,,,,,,,,,,,,,,,,,,,,,,,,,,,
37.764665,140.467701,214,,2012-10-18T05:16:28Z,Kasumicho; Fukushima Prefecture,??????????,N5,0.22,0.25,0.29,0m,Gamma spectrometer: Georadis RT-30; GPS Model:  Garmin Montana 786,inside play yard. 0.281uSv/h; Fukushima High school,????????????????????????????????????????0.281uSv/h,,,,,,,,,,,,,,,,,,,,,,,,,,,,,,,,,,,,,,,
37.764642,140.467674,215,,2012-10-18T05:19:26Z,Kasumicho; Fukushima Prefecture,??????????,N5,0.24,0.19,0.19,5m,Gamma spectrometer: Georadis RT-30; GPS Model:  Garmin Montana 787,decontaminated area,??????????????????????5m?????,,,,,,,,,,,,,,,,,,,,,,,,,,,,,,,,,,,,,,,
37.764641,140.467669,216,,2012-10-18T05:20:33Z,Kasumicho; Fukushima Prefecture,??????????,N5,0.23,0.21,0.20,10m,Gamma spectrometer: Georadis RT-30; GPS Model:  Garmin Montana 788, mountain cover shades ; decontaminated soil in local park,??????????????????????10m?????????????????????,,,,,,,,,,,,,,,,,,,,,,,,,,,,,,,,,,,,,,,
37.764816,140.467767,217,,2012-10-18T05:31:15Z,Kasumicho; Fukushima Prefecture,??????????,N5,0.54,0.51,0.51,10m,Gamma spectrometer: Georadis RT-30; GPS Model:  Garmin Montana 789,10m from monitoring station inside school area,??????????????????????10m???????,,,,,,,,,,,,,,,,,,,,,,,,,,,,,,,,,,,,,,,
37.764616,140.468871,221,,2012-10-18T05:38:16Z,Kasumicho; Fukushima Prefecture,??????????,N5,0.81,0.86,0.75,,Gamma spectrometer: Georadis RT-30; GPS Model:  Garmin Montana 793,outside school gate,???????????????,,,,,,,,,,,,,,,,,,,,,,,,,,,,,,,,,,,,,,,
37.763795,140.470257,222,,2012-10-18T06:09:05Z,Kasumicho; Fukushima Prefecture,??????????,N5,1.10,1.50,1.90,,Gamma spectrometer: Georadis RT-30; GPS Model:  Garmin Montana 794,Entrance of car parking on soil,??????????????????,,,,,,,,,,,,,,,,,,,,,,,,,,,,,,,,,,,,,,,
37.763794,140.470113,223,,2012-10-18T06:10:36Z,Kasumicho; Fukushima Prefecture,??????????,N5,1.20,1.37,1.50,,Gamma spectrometer: Georadis RT-30; GPS Model:  Garmin Montana 795,on concrete  on street,?????????????????,,,,,,,,,,,,,,,,,,,,,,,,,,,,,,,,,,,,,,,
37.763813,140.469713,224,,2012-10-18T06:13:39Z,Kasumicho; Fukushima Prefecture,??????????,N5,0.70,0.84,1.10,,Gamma spectrometer: Georadis RT-30; GPS Model:  Garmin Montana 796,near to TAIKUKAEMAE bus station; on soil,??????? ???????????,,,,,,,,,,,,,,,,,,,,,,,,,,,,,,,,,,,,,,,
37.763791,140.469606,225,,2012-10-18T06:15:26Z,Kasumicho; Fukushima Prefecture,??????????,N5,0.69,0.72,0.61,,Gamma spectrometer: Georadis RT-30; GPS Model:  Garmin Montana 797,Talkuiau Mae bus station on concrete.,??????? ???????,,,,,,,,,,,,,,,,,,,,,,,,,,,,,,,,,,,,,,,
37.763095,140.469261,226,,2012-10-18T06:18:32Z,Kasumicho; Fukushima Prefecture,??????????,N5,1.00,1.10,1.10,,Gamma spectrometer: Georadis RT-30; GPS Model:  Garmin Montana 798,Fukushima Gymnastic Hall,???????,,,,,,,,,,,,,,,,,,,,,,,,,,,,,,,,,,,,,,,
37.763098,140.470106,227,,2012-10-18T06:24:59Z,Kasumicho; Fukushima Prefecture,??????????,N5,0.76,1.10,1.60,,Gamma spectrometer: Georadis RT-30; GPS Model:  Garmin Montana 799,front of kindergarden side of road,???????????????,,,,,,,,,,,,,,,,,,,,,,,,,,,,,,,,,,,,,,,
37.763163,140.469305,228,,2012-10-18T06:26:01Z,Kasumicho; Fukushima Prefecture,??????????,N5,1.50,2.10,2.90,,Gamma spectrometer: Georadis RT-30; GPS Model:  Garmin Montana 800,next to car park; north of 3m of GPS point 226,??????????????226?????3m,,,,,,,,,,,,,,,,,,,,,,,,,,,,,,,,,,,,,,,
37.767032,140.486698,229,,2012-10-18T06:48:02Z,Yashimacho; Fukushima Prefecture,??????????,N5,0.49,0.62,0.77,0m,Gamma spectrometer: Georadis RT-30; GPS Model:  Garmin Montana 801,Monitoring Station. in front courtyard,??????????????????,,,,,,,,,,,,,,,,,,,,,,,,,,,,,,,,,,,,,,,
37.76708,140.486622,230,,2012-10-18T06:52:09Z,Yashimacho; Fukushima Prefecture,??????????,N5,1.53,1.87,1.70,15m,Gamma spectrometer: Georadis RT-30; GPS Model:  Garmin Montana 802,front of kindergarden. SOUTH west corner of the  building.,???????????15m???????,,,,,,,,,,,,,,,,,,,,,,,,,,,,,,,,,,,,,,,
37.767202,140.486591,231,,2012-10-18T06:59:44Z,Yashimacho; Fukushima Prefecture,??????????,N5,1.30,1.40,1.13,20m,Gamma spectrometer: Georadis RT-30; GPS Model:  Garmin Montana 803,20m front of kindergarden. south west of MS in front courtyard,????????????????????????????20m,,,,,,,,,,,,,,,,,,,,,,,,,,,,,,,,,,,,,,,
37.767226,140.486568,232,,2012-10-18T07:01:26Z,Yashimacho; Fukushima Prefecture,??????????,N5,1.50,1.83,2.10,,Gamma spectrometer: Georadis RT-30; GPS Model:  Garmin Montana 804,south of Monitoring station in bench yard,??????????????????,,,,,,,,,,,,,,,,,,,,,,,,,,,,,,,,,,,,,,,
37.767073,140.48663,234,,2012-10-18T07:09:13Z,Yashimacho; Fukushima Prefecture,???????????,N5,0.43,0.52,0.64,5m,Gamma spectrometer: Georadis RT-30; GPS Model:  Garmin Montana 805,front of kindergarden SW from front courtyard,???????????5m???????????,,,,,,,,,,,,,,,,,,,,,,,,,,,,,,,,,,,,,,,
37.76707,140.486546,235,,2012-10-18T07:10:13Z,Yashimacho; Fukushima Prefecture,???????????,N5,0.65,0.96,1.20,10m,Gamma spectrometer: Georadis RT-30; GPS Model:  Garmin Montana 806, front of kindergarden SW from frount courtyard,???????????10m???????????,,,,,,,,,,,,,,,,,,,,,,,,,,,,,,,,,,,,,,,
37.767079,140.486402,236,,2012-10-18T07:11:25Z,Yashimacho; Fukushima Prefecture,???????????,N5,0.93,1.10,1.33,20m,Gamma spectrometer: Georadis RT-30; GPS Model:  Garmin Montana 807, front of kindergarden SW from frount courtyard,???????????20m???????????,,,,,,,,,,,,,,,,,,,,,,,,,,,,,,,,,,,,,,,
37.767239,140.486753,237,,2012-10-18T07:14:49Z,Yashimacho; Fukushima Prefecture,???????????,N5,0.80,0.85,0.87,0m,Gamma spectrometer: Georadis RT-30; GPS Model:  Garmin Montana 808,Monitoring station in backyard,??????????????????,,,,,,,,,,,,,,,,,,,,,,,,,,,,,,,,,,,,,,,
37.767263,140.486812,238,,2012-10-18T07:16:38Z,Yashimacho; Fukushima Prefecture,???????????,N5,0.89,0.96,0.87,5m,Gamma spectrometer: Georadis RT-30; GPS Model:  Garmin Montana 809,front of kindergarden  MS in backyard; tarmac,????????????????????5m???????,,,,,,,,,,,,,,,,,,,,,,,,,,,,,,,,,,,,,,,
37.767313,140.48686,239,,2012-10-18T07:18:20Z,Yashimacho; Fukushima Prefecture,???????????,N5,0.81,1.10,1.30,10m,Gamma spectrometer: Georadis RT-30; GPS Model:  Garmin Montana 810, front of kindergarden  MS in backyard; tarmac,????????????????????10m???????,,,,,,,,,,,,,,,,,,,,,,,,,,,,,,,,,,,,,,,
37.767451,140.486888,240,,2012-10-18T07:20:26Z,Yashimacho; Fukushima Prefecture,???????????,N5,1.43,1.10,1.20,,Gamma spectrometer: Georadis RT-30; GPS Model:  Garmin Montana 811,next of MS in backgarden,???????????????????,,,,,,,,,,,,,,,,,,,,,,,,,,,,,,,,,,,,,,,
37.76744,140.486887,241,,2012-10-18T07:22:07Z,Yashimacho; Fukushima Prefecture,???????????,N5,0.85,1.10,1.30,,Gamma spectrometer: Georadis RT-30; GPS Model:  Garmin Montana 812,next of MS in backgarden; next to bench,???????????????????????????,,,,,,,,,,,,,,,,,,,,,,,,,,,,,,,,,,,,,,,
37.767135,140.486527,243,,2012-10-18T07:29:09Z,Yashimacho; Fukushima Prefecture,???????????,N5,2.07,3.00,7.27,,Gamma spectrometer: Georadis RT-30; GPS Model:  Garmin Montana 813, small bush SW of MS in backgarden,??????????????????????????,,,,,,,,,,,,,,,,,,,,,,,,,,,,,,,,,,,,,,,
37.767981,140.487454,244,,2012-10-18T07:33:20Z,Yashimacho; Fukushima Prefecture,???????????,N5,1.37,1.60,1.90,,Gamma spectrometer: Georadis RT-30; GPS Model:  Garmin Montana 814,abandoned pathway bench seating,???????????????????,,,,,,,,,,,,,,,,,,,,,,,,,,,,,,,,,,,,,,,
37.767965,140.487558,245,,2012-10-18T07:35:02Z,Yashimacho; Fukushima Prefecture,???????????,N5,1.33,1.53,1.73,,Gamma spectrometer: Georadis RT-30; GPS Model:  Garmin Montana 815,abandoned pathway ,???????????????,,,,,,,,,,,,,,,,,,,,,,,,,,,,,,,,,,,,,,,
37.767549,140.487833,246,,2012-10-18T07:37:25Z,Yashimacho; Fukushima Prefecture,???????????,N5,1.63,1.80,1.90,,Gamma spectrometer: Georadis RT-30; GPS Model:  Garmin Montana 816,abandoned pathway,???????????????,,,,,,,,,,,,,,,,,,,,,,,,,,,,,,,,,,,,,,,
37.767392,140.487787,247,,2012-10-18T07:39:25Z,Yashimacho; Fukushima Prefecture,???????????,N5,1.63,2.10,3.00,,Gamma spectrometer: Georadis RT-30; GPS Model:  Garmin Montana 817,government used to maintain park and path; After Disaster; Gov't has done no maintanence.,??????????????????????????????????????,,,,,,,,,,,,,,,,,,,,,,,,,,,,,,,,,,,,,,,
37.74159959,140.4572721,276,,19-OCT-12 10:14:02AM,Hokida Park,???????????,N6,0.08,0.10,0.10,0m,Gamma spectrometer: Georadis RT-30; GPS Model:  Garmin Montana 818,at Monitoring Station; decontamination done.,????????????????????,,,,,,,,,,,,,,,,,,,,,,,,,,,,,,,,,,,,,,,
37.74154025,140.457263,277,,19-OCT-12 10:17:30AM,Hokida Park,???????????,N6,0.08,0.08,0.10,5m,Gamma spectrometer: Georadis RT-30; GPS Model:  Garmin Montana 819,5 m from monitoring station,?????????????????5m,,,,,,,,,,,,,,,,,,,,,,,,,,,,,,,,,,,,,,,
37.74149523,140.4572489,278,,19-OCT-12 10:17:53AM,Hokida Park,???????????,N6,0.08,0.08,0.07,10m,Gamma spectrometer: Georadis RT-30; GPS Model:  Garmin Montana 820,10m from monitoring station,?????????????????10m,,,,,,,,,,,,,,,,,,,,,,,,,,,,,,,,,,,,,,,
37.74134637,140.457191,279,,19-OCT-12 10:20:28AM,Hokida park,???????????,N6,0.09,0.09,0.08,25m,Gamma spectrometer: Georadis RT-30; GPS Model:  Garmin Montana 821,25m from monitoring station,?????????????????25m,,,,,,,,,,,,,,,,,,,,,,,,,,,,,,,,,,,,,,,
37.74122559,140.4571259,280,,19-OCT-12 10:22:56AM,Hokida park,???????????,N6,0.45,0.68,0.79,,Gamma spectrometer: Georadis RT-30; GPS Model:  Garmin Montana 822, ditch; concrete,???????????? ?,,,,,,,,,,,,,,,,,,,,,,,,,,,,,,,,,,,,,,,
37.74112098,140.4571558,281,,19-OCT-12 10:24:03AM,Hokida park,???????????,N6,0.59,0.90,1.53,,Gamma spectrometer: Georadis RT-30; GPS Model:  Garmin Montana 823,drainage pipe,?????????,,,,,,,,,,,,,,,,,,,,,,,,,,,,,,,,,,,,,,,
37.74128611,140.4566838,282,,19-OCT-12 10:27:42AM,Hokida park,???????????,N6,0.36,0.52,0.70,,Gamma spectrometer: Georadis RT-30; GPS Model:  Garmin Montana 824,west bottom of slide,????????????????,,,,,,,,,,,,,,,,,,,,,,,,,,,,,,,,,,,,,,,
37.74154771,140.4569612,283,,19-OCT-12 10:30:35AM,Hokida park,???????????,N6,0.08,0.07,0.07,,Gamma spectrometer: Georadis RT-30; GPS Model:  Garmin Montana 825,East,????????,,,,,,,,,,,,,,,,,,,,,,,,,,,,,,,,,,,,,,,
37.74125124,140.4571527,284,,19-OCT-12 10:32:44AM,Hokida park,???????????,N6,0.36,0.41,0.52,,Gamma spectrometer: Georadis RT-30; GPS Model:  Garmin Montana 826,South  ,????????,,,,,,,,,,,,,,,,,,,,,,,,,,,,,,,,,,,,,,,
37.74755099,140.4481324,285,,19-OCT-12 11:09:11AM,Special school of Fukushima University,???????????,N6,0.13,0.13,0.15,1m,Gamma spectrometer: Georadis RT-30; GPS Model:  Garmin Montana 827,1m from monitoring station,??????????????1m,,,,,,,,,,,,,,,,,,,,,,,,,,,,,,,,,,,,,,,
37.747495,140.4482418,286,,19-OCT-12 11:12:06AM,Special school of Fukushima University,???????????,N6,0.31,0.35,0.72,7.5m,Gamma spectrometer: Georadis RT-30; GPS Model:  Garmin Montana 828,7;5m from monitoring station,??????????????7.5m,,,,,,,,,,,,,,,,,,,,,,,,,,,,,,,,,,,,,,,
37.7475753,140.4481786,287,,19-OCT-12 11:16:11AM,Special school of Fukushima University,???????????,N6,0.13,0.12,0.15,5m,Gamma spectrometer: Georadis RT-30; GPS Model:  Garmin Montana 829,5m from monitoring station,??????????????5m,,,,,,,,,,,,,,,,,,,,,,,,,,,,,,,,,,,,,,,
37.74764805,140.4481843,288,,19-OCT-12 11:17:04AM,Special school of Fukushima University,???????????,N6,0.16,0.16,0.17,10m,Gamma spectrometer: Georadis RT-30; GPS Model:  Garmin Montana 830,10m from monitoring station,??????????????10m,,,,,,,,,,,,,,,,,,,,,,,,,,,,,,,,,,,,,,,
37.74767706,140.4484668,289,,19-OCT-12 11:19:00AM,Special school of Fukushima University,???????????,N6,0.38,0.37,1.75,,Gamma spectrometer: Georadis RT-30; GPS Model:  Garmin Montana 831,north,?????,,,,,,,,,,,,,,,,,,,,,,,,,,,,,,,,,,,,,,,
37.74766566,140.4484092,290,,19-OCT-12 11:21:40AM,Special school of Fukushima University,???????????,N6,0.36,0.50,0.70,,Gamma spectrometer: Georadis RT-30; GPS Model:  Garmin Montana 832,,??????????????10m,,,,,,,,,,,,,,,,,,,,,,,,,,,,,,,,,,,,,,,
37.74122685,140.4467268,291,,19-OCT-12 11:52:42AM,Misono Kindergarten,???????????,N6,0.31,0.36,0.48,,Gamma spectrometer: Georadis RT-30; GPS Model:  Garmin Montana 833,,???,,,,,,,,,,,,,,,,,,,,,,,,,,,,,,,,,,,,,,,
37.74174468,140.4794387,292,,19-OCT-12 12:31:08PM,Hiragamori apartment complex park,???????????,N6,0.22,0.25,0.19,0m,Gamma spectrometer: Georadis RT-30; GPS Model:  Garmin Montana 834,Monitoring station  ,?????????????????,,,,,,,,,,,,,,,,,,,,,,,,,,,,,,,,,,,,,,,
37.7415959,140.4794852,293,,19-OCT-12 12:34:46PM,Hiragamori apartment complex park,???????????,N6,0.29,0.35,0.35,5m,Gamma spectrometer: Georadis RT-30; GPS Model:  Garmin Montana 835,5m from monitoring station decontaminated area,???????????????????5m?????,,,,,,,,,,,,,,,,,,,,,,,,,,,,,,,,,,,,,,,
37.74167595,140.4795865,294,,19-OCT-12 12:35:45PM,Hiragamori apartment complex park,???????????,N6,0.56,0.65,1.24,10m,Gamma spectrometer: Georadis RT-30; GPS Model:  Garmin Montana 836,10m from monitoring station,???????????????????10m,,,,,,,,,,,,,,,,,,,,,,,,,,,,,,,,,,,,,,,
37.74167025,140.4796021,295,,19-OCT-12 12:37:31PM,Hiragamori apartment complex park,???????????,N6,0.24,0.23,0.20,20m,Gamma spectrometer: Georadis RT-30; GPS Model:  Garmin Montana 837,20m from monitoring station stones by park edge of school,???????????????????20m????????,,,,,,,,,,,,,,,,,,,,,,,,,,,,,,,,,,,,,,,
37.74191936,140.4795748,296,,19-OCT-12 12:39:07PM,Hiragamori apartment complex park,??????????,N6,0.18,1.05,2.35,,Gamma spectrometer: Georadis RT-30; GPS Model:  Garmin Montana 838,North of monitoring station,????????????????????,,,,,,,,,,,,,,,,,,,,,,,,,,,,,,,,,,,,,,,
37.74192389,140.4794323,297,,19-OCT-12 12:40:51PM,Hiragamori apartment complex park,??????????,N6,1.34,1.85,4.03,,Gamma spectrometer: Georadis RT-30; GPS Model:  Garmin Montana 839,North West of monitoring station,?????????????????????,,,,,,,,,,,,,,,,,,,,,,,,,,,,,,,,,,,,,,,
37.74166061,140.479375,298,,19-OCT-12 12:44:16PM,Hiragamori apartment complex park,??????????,N6,0.19,0.19,0.17,,Gamma spectrometer: Georadis RT-30; GPS Model:  Garmin Montana 840,Bottom of children's slide,??????????????,,,,,,,,,,,,,,,,,,,,,,,,,,,,,,,,,,,,,,,
37.7514,140.46753,199,,2012-10-16T11:41:26,Fukushima City; Fukushima Prefecture,??????????,H1,1.13,1.81,3.94,20 m,Radiation Detector: Thermo Radeye PRD-ER; GPS: Garmin  GPs Map 60 Cx, Children Learning Facility approx 20m away from measuring post,????????????????20m,,,,,,,,,,,,,,,,,,,,,,,,,,,,,,,,,,,,,,,
37.7514,140.46753,199,,2012-10-16T12:38:40,Fukushima City; Fukushima Prefecture,??????????,H1,0.25,0.21,0.20,10 m,Radiation Detector: Thermo Radeye PRD-ER; GPS: Garmin  GPs Map 60 Cx, Kindergarden approx 10m from measuring post,????????????????10m,,,,,,,,,,,,,,,,,,,,,,,,,,,,,,,,,,,,,,,
37.7491,140.46717,200,,2012-10-16T13:39:44,Fukushima City; Fukushima Prefecture,??????????,H1,1.21,1.60,6.89,,Radiation Detector: Thermo Radeye PRD-ER; GPS: Garmin  GPs Map 60 Cx, Nursery; Main entrance of KG,?????,,,,,,,,,,,,,,,,,,,,,,,,,,,,,,,,,,,,,,,
37.75199,140.4671,201,,2012-10-16T13:59:52,Fukushima City; Fukushima Prefecture,??????????,H1,1.66,3.11,9.07,,Radiation Detector: Thermo Radeye PRD-ER; GPS: Garmin  GPs Map 60 Cx, Nursery;  At drainage.East end of the building,???????????,,,,,,,,,,,,,,,,,,,,,,,,,,,,,,,,,,,,,,,
37.75716,140.46927,202,,2012-10-16T15:23:36,Fukushima City; Fukushima Prefecture,???????????,H1,0.74,1.41,3.57,10 m,Radiation Detector: Thermo Radeye PRD-ER; GPS: Garmin  GPs Map 60 Cx,  kindergarden from measuring post,?????????????????10m,,,,,,,,,,,,,,,,,,,,,,,,,,,,,,,,,,,,,,,
37.7583,140.46829,203,,2012-10-16T15:44:37,Fukushima City; Fukushima Prefecture,???????????,H1,0.84,1.42,4.71,20 m,Radiation Detector: Thermo Radeye PRD-ER; GPS: Garmin  GPs Map 60 Cx,Shinhama Park approx 20m from measuring post,???????????????20m,,,,,,,,,,,,,,,,,,,,,,,,,,,,,,,,,,,,,,,
37.75925,140.47403,204,,2012-10-16T16:18:01,Fukushima City; Fukushima Prefecture,???????????,H1,0.25,0.45,2.15,25 m,Radiation Detector: Thermo Radeye PRD-ER; GPS: Garmin  GPs Map 60 Cx,Shinhama Park approx 25m from measuring post,???????????????25m,,,,,,,,,,,,,,,,,,,,,,,,,,,,,,,,,,,,,,,
37.7584,140.47323,205,,2012-10-16T16:33:27,Fukushima City; Fukushima Prefecture,???????????,H1,0.28,0.28,0.49,10m,Radiation Detector: Thermo Radeye PRD-ER; GPS: Garmin  GPs Map 60 Cx,School Playground,?????????????????10m,,,,,,,,,,,,,,,,,,,,,,,,,,,,,,,,,,,,,,,
37.7612,140.46846,206,,2012-10-16T17:03:20,Fukushima City; Fukushima Prefecture,??????????,H1,0.56,0.95,3.56,22 m,Radiation Detector: Thermo Radeye PRD-ER; GPS: Garmin  GPs Map 60 Cx,School,?????????????????22m,,,,,,,,,,,,,,,,,,,,,,,,,,,,,,,,,,,,,,,
37.7612,140.46846,206,,2012-10-16T17:03:20,Fukushima City; Fukushima Prefecture,???????????,H1,0.56,0.95,3.56,22 m,Radiation Detector: Thermo Radeye PRD-ER; GPS: Garmin  GPs Map 60 Cx,School,?????????????????22m,,,,,,,,,,,,,,,,,,,,,,,,,,,,,,,,,,,,,,,
37.75161252,140.4539604,208,,20121012T10:55:28,Fukushima City; Fukushima Prefecture,???????????,H2,0.16,0.14,0.15,0m,Radiation Detector: Thermo Radeye PRD-ER; GPS: Garmin  GPs Map 60 Cx,Jjunior high school; At MP:0.345 ;at Spot,?????????????0.345uSv/h?,,,,,,,,,,,,,,,,,,,,,,,,,,,,,,,,,,,,,,,
37.75162476,140.4539037,209,,20121012T10:59:07,Fukushima City; Fukushima Prefecture,???????????,H2,0.29,0.42,0.48,5 mtrs,Radiation Detector: Thermo Radeye PRD-ER; GPS: Garmin  GPs Map 60 Cx, Junior high school,??????????????5m,,,,,,,,,,,,,,,,,,,,,,,,,,,,,,,,,,,,,,,
37.75184328,140.4540906,210,,20121012T11:05:58,Fukushima City; Fukushima Prefecture,???????????,H2,0.49,0.69,1.44,17m,Radiation Detector: Thermo Radeye PRD-ER; GPS: Garmin  GPs Map 60 Cx, Junior high school,??????????????17m,,,,,,,,,,,,,,,,,,,,,,,,,,,,,,,,,,,,,,,
37.75147523,140.4531616,211,,20121012T11:14:36,Fukushima City; Fukushima Prefecture,???????????,H2,0.20,0.17,0.17,0m,Radiation Detector: Thermo Radeye PRD-ER; GPS: Garmin  GPs Map 60 Cx,Nursery; At MP:0.275; at spot,?????????????0.275uSv/h?,,,,,,,,,,,,,,,,,,,,,,,,,,,,,,,,,,,,,,,
37.75139929,140.4531596,212,,20121012T11:17:24,Fukushima City; Fukushima Prefecture,???????????,H2,0.53,0.69,1.29,3m,Radiation Detector: Thermo Radeye PRD-ER; GPS: Garmin  GPs Map 60 Cx,Nursery,??????????????3m,,,,,,,,,,,,,,,,,,,,,,,,,,,,,,,,,,,,,,,
37.75138361,140.453143,213,,20121012T11:18:50,Fukushima City; Fukushima Prefecture,???????????,H2,0.36,0.43,0.79,5m,Radiation Detector: Thermo Radeye PRD-ER; GPS: Garmin  GPs Map 60 Cx,Nursery,??????????????5m,,,,,,,,,,,,,,,,,,,,,,,,,,,,,,,,,,,,,,,
37.75135679,140.4530451,214,,20121012T11:19:39,Fukushima City; Fukushima Prefecture,???????????,H2,0.36,0.41,0.49,10m,Radiation Detector: Thermo Radeye PRD-ER; GPS: Garmin  GPs Map 60 Cx,Nursery,??????????????10m,,,,,,,,,,,,,,,,,,,,,,,,,,,,,,,,,,,,,,,
37.75143072,140.4529657,215,,20121012T11:22:27,Fukushima City; Fukushima Prefecture,???????????,H2,0.60,0.69,1.15,17m,Radiation Detector: Thermo Radeye PRD-ER; GPS: Garmin  GPs Map 60 Cx,Nursery,??????????????17m,,,,,,,,,,,,,,,,,,,,,,,,,,,,,,,,,,,,,,,
37.75567171,140.4525361,216,,20121012T11:31:41,Fukushima City; Fukushima Prefecture,???????????,H2,0.17,0.17,0.17,0m,Radiation Detector: Thermo Radeye PRD-ER; GPS: Garmin  GPs Map 60 Cx,Nishi Jido kouen (children's playground); At MP:0.243;at spot,???????????????0.243uSv/h?,,,,,,,,,,,,,,,,,,,,,,,,,,,,,,,,,,,,,,,
37.75556945,140.452462,217,,20121012T11:40:11,Fukushima City; Fukushima Prefecture,???????????,H2,0.09,0.10,0.10,5m,Radiation Detector: Thermo Radeye PRD-ER; GPS: Garmin  GPs Map 60 Cx,Nishi Jido kouen (children's playground),????????????????5m,,,,,,,,,,,,,,,,,,,,,,,,,,,,,,,,,,,,,,,
37.75552444,140.4525319,218,,20121012T11:41:32,Fukushima City; Fukushima Prefecture,???????????,H2,0.09,0.13,0.12,10m,Radiation Detector: Thermo Radeye PRD-ER; GPS: Garmin  GPs Map 60 Cx,Nishi Jido kouen (children's playground),????????????????10m,,,,,,,,,,,,,,,,,,,,,,,,,,,,,,,,,,,,,,,
37.75568998,140.4525766,219,,20121012T11:43:04,Fukushima City; Fukushima Prefecture,???????????,H2,0.29,0.30,0.25,5m,Radiation Detector: Thermo Radeye PRD-ER; GPS: Garmin  GPs Map 60 Cx,Nishi Jido kouen (children's playground),????????????????5m,,,,,,,,,,,,,,,,,,,,,,,,,,,,,,,,,,,,,,,
37.7556896,140.4526089,220,,20121012T11:44:31,Fukushima City; Fukushima Prefecture,???????????,H2,0.79,1.36,2.27,8m,Radiation Detector: Thermo Radeye PRD-ER; GPS: Garmin  GPs Map 60 Cx,Nishi Jido kouen (children's playground),????????????????8m,,,,,,,,,,,,,,,,,,,,,,,,,,,,,,,,,,,,,,,
37.75573248,140.4526089,220,,20121012T11:44:31,Fukushima City; Fukushima Prefecture,???????????,H2,0.40,0.49,0.58,10m,Radiation Detector: Thermo Radeye PRD-ER; GPS: Garmin  GPs Map 60 Cx,Nishi Jido kouen (children's playground),????????????????10m,,,,,,,,,,,,,,,,,,,,,,,,,,,,,,,,,,,,,,,
37.75634453,140.4496888,221,,20121012T12:09:43,Fukushima City; Fukushima Prefecture,???????????,H2,0.16,0.15,0.15,0m,Radiation Detector: Thermo Radeye PRD-ER; GPS: Garmin  GPs Map 60 Cx,kindergarden At MP:0.246;at spot,?????????????0.246uSv/h?,,,,,,,,,,,,,,,,,,,,,,,,,,,,,,,,,,,,,,,
37.75631787,140.4497204,222,,20121012T12:12:49,Fukushima City; Fukushima Prefecture,???????????,H2,0.55,0.27,0.28,5m,Radiation Detector: Thermo Radeye PRD-ER; GPS: Garmin  GPs Map 60 Cx,Kindergarden ,??????????????5m,,,,,,,,,,,,,,,,,,,,,,,,,,,,,,,,,,,,,,,
37.75628988,140.4498405,223,,20121012T12:14:13,Fukushima City; Fukushima Prefecture,???????????,H2,0.78,1.72,7.18,10m,Radiation Detector: Thermo Radeye PRD-ER; GPS: Garmin  GPs Map 60 Cx,Kindergarden ,??????????????10m,,,,,,,,,,,,,,,,,,,,,,,,,,,,,,,,,,,,,,,
37.75757046,140.4405163,227,,20121012T12:38:22,Fukushima City; Fukushima Prefecture,???????????,H2,0.15,0.16,0.27,0m,Radiation Detector: Thermo Radeye PRD-ER; GPS: Garmin  GPs Map 60 Cx,day-care centre; At MP: 0.235 ;at spot,??????????????0.235?,,,,,,,,,,,,,,,,,,,,,,,,,,,,,,,,,,,,,,,
37.75757046,140.4405163,227,,20121012T12:38:22,Fukushima City; Fukushima Prefecture,,H2,0.60,1.04,8.49,1m,Radiation Detector: Thermo Radeye PRD-ER; GPS: Garmin  GPs Map 60 Cx,day-care centre,???????????????1m,,,,,,,,,,,,,,,,,,,,,,,,,,,,,,,,,,,,,,,
37.75753249,140.4404074,228,,20121012T12:52:51,Fukushima City; Fukushima Prefecture,,H2,0.34,0.44,0.52,5m,Radiation Detector: Thermo Radeye PRD-ER; GPS: Garmin  GPs Map 60 Cx,day-care centre,???????????????1m5m,,,,,,,,,,,,,,,,,,,,,,,,,,,,,,,,,,,,,,,
37.75756351,140.4404064,229,,20121012T12:54:40,Fukushima City; Fukushima Prefecture,,H2,0.59,0.76,1.80,10m,Radiation Detector: Thermo Radeye PRD-ER; GPS: Garmin  GPs Map 60 Cx,day-care centre,???????????????10m,,,,,,,,,,,,,,,,,,,,,,,,,,,,,,,,,,,,,,,
37.7575646,140.4404921,230,,20121012T12:57:10,Fukushima City; Fukushima Prefecture,???????????,H2,0.61,0.84,3.16,3m,Radiation Detector: Thermo Radeye PRD-ER; GPS: Garmin  GPs Map 60 Cx,day-care centre,???????????????3m,,,,,,,,,,,,,,,,,,,,,,,,,,,,,,,,,,,,,,,
37.75754565,140.4405925,231,,20121012T12:58:42,Fukushima City; Fukushima Prefecture,???????????,H2,0.69,1.19,4.14,5m,Radiation Detector: Thermo Radeye PRD-ER; GPS: Garmin  GPs Map 60 Cx,day-care centre,????????????????5m,,,,,,,,,,,,,,,,,,,,,,,,,,,,,,,,,,,,,,,
37.75729663,140.4314241,232,,20121012T14:24:59,Fukushima City; Fukushima Prefecture,???????????,H2,0.55,0.59,0.44,0m,Radiation Detector: Thermo Radeye PRD-ER; GPS: Garmin  GPs Map 60 Cx,Takada kouen (Park) At MP:0.729;at spot,"
??????????????0.729uSv/h?",,,,,,,,,,,,,,,,,,,,,,,,,,,,,,,,,,,,,,,
37.75725421,140.4314456,233,,20121012T14:29:48,Fukushima City; Fukushima Prefecture,???????????,H2,0.62,0.72,1.01,5m,Radiation Detector: Thermo Radeye PRD-ER; GPS: Garmin  GPs Map 60 Cx,Takada kouen (Park),"
???????????????5m",,,,,,,,,,,,,,,,,,,,,,,,,,,,,,,,,,,,,,,
37.75720007,140.4314112,234,,20121012T14:31:04,Fukushima City; Fukushima Prefecture,???????????,H2,0.83,1.05,4.12,10m,Radiation Detector: Thermo Radeye PRD-ER; GPS: Garmin  GPs Map 60 Cx,Takada kouen (Park),"
???????????????10m",,,,,,,,,,,,,,,,,,,,,,,,,,,,,,,,,,,,,,,
37.7571875,140.4316463,235,,20121012T14:33:51,Fukushima City; Fukushima Prefecture,???????????,H2,0.73,0.90,4.02,20m,Radiation Detector: Thermo Radeye PRD-ER; GPS: Garmin  GPs Map 60 Cx,Takada kouen (Park),"
???????????????20m",,,,,,,,,,,,,,,,,,,,,,,,,,,,,,,,,,,,,,,
37.76013566,140.4370382,236,,20121012T14:49:56,Fukushima City; Fukushima Prefecture,???????????,H2,0.19,0.18,0.16,0m,Radiation Detector: Thermo Radeye PRD-ER; GPS: Garmin  GPs Map 60 Cx,Noda Chuo koen(Park); At MP: N/A; at spot,???????????????,,,,,,,,,,,,,,,,,,,,,,,,,,,,,,,,,,,,,,,
37.76013566,140.4370382,236,,20121012T14:49:56,Fukushima City; Fukushima Prefecture,???????????,H2,0.19,0.36,2.19,1m,Radiation Detector: Thermo Radeye PRD-ER; GPS: Garmin  GPs Map 60 Cx,Noda Chuo koen(Park),?????????????????1m,,,,,,,,,,,,,,,,,,,,,,,,,,,,,,,,,,,,,,,
37.76018646,140.4370616,237,,20121012T14:56:43,Fukushima City; Fukushima Prefecture,???????????,H2,0.13,0.12,0.10,5m,Radiation Detector: Thermo Radeye PRD-ER; GPS: Garmin  GPs Map 60 Cx,Noda Chuo koen(Park),?????????????????5m,,,,,,,,,,,,,,,,,,,,,,,,,,,,,,,,,,,,,,,
37.76019333,140.4370429,238,,20121012T14:57:50,Fukushima City; Fukushima Prefecture,???????????,H2,0.20,0.30,1.71,8m,Radiation Detector: Thermo Radeye PRD-ER; GPS: Garmin  GPs Map 60 Cx,Noda Chuo koen(Park),?????????????????8m,,,,,,,,,,,,,,,,,,,,,,,,,,,,,,,,,,,,,,,
37.76019358,140.4370511,239,,20121012T14:58:34,Fukushima City; Fukushima Prefecture,???????????,H2,0.16,0.13,0.13,10m,Radiation Detector: Thermo Radeye PRD-ER; GPS: Garmin  GPs Map 60 Cx,Noda Chuo koen(Park),?????????????????10m,,,,,,,,,,,,,,,,,,,,,,,,,,,,,,,,,,,,,,,
37.76317863,140.4361606,240,,20121012T15:10:29,Fukushima City; Fukushima Prefecture,???????????,H2,0.49,0.58,0.63,0m,Radiation Detector: Thermo Radeye PRD-ER; GPS: Garmin  GPs Map 60 Cx,Yoshizoedanchi Building 10 koen(Park athousing complex) At MP:0.698; at spot,?????10??????????????(0.698uSv/h?,,,,,,,,,,,,,,,,,,,,,,,,,,,,,,,,,,,,,,,
37.76311551,140.4361624,241,,20121012T15:13:40,Fukushima City; Fukushima Prefecture,???????????,H2,0.53,0.74,1.11,5m,Radiation Detector: Thermo Radeye PRD-ER; GPS: Garmin  GPs Map 60 Cx,Yoshizoedanchi Building 10 koen(Park athousing complex),?????10????????????????5m,,,,,,,,,,,,,,,,,,,,,,,,,,,,,,,,,,,,,,,
37.76311551,140.4361624,241,,20121012T15:13:40,Fukushima City; Fukushima Prefecture,???????????,H2,0.68,0.89,2.12,6m,Radiation Detector: Thermo Radeye PRD-ER; GPS: Garmin  GPs Map 60 Cx,Yoshizoedanchi Building 10 koen(Park athousing complex),?????10????????????????6m,,,,,,,,,,,,,,,,,,,,,,,,,,,,,,,,,,,,,,,
37.76313311,140.4361668,242,,20121012T15:16:12,Fukushima City; Fukushima Prefecture,???????????,H2,0.28,0.27,0.29,10m,Radiation Detector: Thermo Radeye PRD-ER; GPS: Garmin  GPs Map 60 Cx,Yoshizoedanchi Building 10 koen(Park athousing complex),?????10????????????????10m,,,,,,,,,,,,,,,,,,,,,,,,,,,,,,,,,,,,,,,
37.76311191,140.4359646,243,,20121012T15:18:03,Fukushima City; Fukushima Prefecture,???????????,H2,0.69,0.87,3.80,,Radiation Detector: Thermo Radeye PRD-ER; GPS: Garmin  GPs Map 60 Cx,Yoshizoedanchi Building 10 koen(Park athousing complex); bottom of slide,?????10?????????????,,,,,,,,,,,,,,,,,,,,,,,,,,,,,,,,,,,,,,,
37.76375103,140.433853,244,,20121012T15:30:42,Fukushima City; Fukushima Prefecture,???????????,H2,0.14,0.11,0.10,0m,Radiation Detector: Thermo Radeye PRD-ER; GPS: Garmin  GPs Map 60 Cx,Tajiri koen(Park); At MP:0.148;at spot; Decon done,??????????????0.148uSv/h?,,,,,,,,,,,,,,,,,,,,,,,,,,,,,,,,,,,,,,,
37.76379135,140.4338303,245,,20121012T15:34:40,Fukushima City; Fukushima Prefecture,???????????,H2,0.23,0.24,1.08,5m,Radiation Detector: Thermo Radeye PRD-ER; GPS: Garmin  GPs Map 60 Cx,Tajiri koen(Park),???????????????5m,,,,,,,,,,,,,,,,,,,,,,,,,,,,,,,,,,,,,,,
37.76389042,140.433848,245,,20121012T15:35:50,Fukushima City; Fukushima Prefecture,???????????,H2,0.21,0.21,0.29,10m,Radiation Detector: Thermo Radeye PRD-ER; GPS: Garmin  GPs Map 60 Cx,Tajiri koen(Park),???????????????10m,,,,,,,,,,,,,,,,,,,,,,,,,,,,,,,,,,,,,,,
37.76435846,140.4334221,247,,20121012T15:44:55,Fukushima City; Fukushima Prefecture,???????????,H2,0.57,0.73,0.44,0m,Radiation Detector: Thermo Radeye PRD-ER; GPS: Garmin  GPs Map 60 Cx,Yoshizoedanchi Building 4 koen(Park athousing complex); At MP:0.807; at spot,?????4???????????????0.807uSv/h?,,,,,,,,,,,,,,,,,,,,,,,,,,,,,,,,,,,,,,,
37.76430398,140.4333444,248,,20121012T15:49:54,Fukushima City; Fukushima Prefecture,???????????,H2,0.56,0.64,2.31,5m,Radiation Detector: Thermo Radeye PRD-ER; GPS: Garmin  GPs Map 60 Cx,Yoshizoedanchi Building 4 koen(Park athousing complex),?????4????????????????5m,,,,,,,,,,,,,,,,,,,,,,,,,,,,,,,,,,,,,,,
37.76444497,140.43325,249,,20121012T15:51:12,Fukushima City; Fukushima Prefecture,???????????,H2,0.80,0.83,1.73,10m,Radiation Detector: Thermo Radeye PRD-ER; GPS: Garmin  GPs Map 60 Cx,Yoshizoedanchi Building 4 koen(Park athousing complex),?????4????????????????10m,,,,,,,,,,,,,,,,,,,,,,,,,,,,,,,,,,,,,,,
37.76436224,140.43332,250,,20121012T15:52:05,Fukushima City; Fukushima Prefecture,???????????,H2,0.63,0.87,3.80,,Radiation Detector: Thermo Radeye PRD-ER; GPS: Garmin  GPs Map 60 Cx,Yoshizoedanchi Building 4 koen(Park athousing complex); point of interest,?????4???,,,,,,,,,,,,,,,,,,,,,,,,,,,,,,,,,,,,,,,
37.75583625,140.4580976,254,,2012-10-18T11:09:55,Fukushima City; Fukushima Prefecture,???????????,H3,0.34,0.34,0.51,0m,Radiation Detector: Thermo Radeye PRD-ER; GPS: Garmin  GPs Map 60 Cx,Corrase Plaza; At post: 0.288; Decon done,????????????????0.288uSv/h?,,,,,,,,,,,,,,,,,,,,,,,,,,,,,,,,,,,,,,,
37.75542227,140.4582906,255,,2012-10-18T11:19:24,Fukushima City; Fukushima Prefecture,???????????,H3,0.23,0.21,0.22,5m,Radiation Detector: Thermo Radeye PRD-ER; GPS: Garmin  GPs Map 60 Cx,Corrase Plaza,?????????????????5m,,,,,,,,,,,,,,,,,,,,,,,,,,,,,,,,,,,,,,,
37.75542084,140.4582896,256,,2012-10-18T11:19:41,Fukushima City; Fukushima Prefecture,???????????,H3,0.45,0.67,1.35,"10m , ",Radiation Detector: Thermo Radeye PRD-ER; GPS: Garmin  GPs Map 60 Cx,Corrase Plaza,?????????????????10m???,,,,,,,,,,,,,,,,,,,,,,,,,,,,,,,,,,,,,,,
37.75550692,140.4581062,257,,2012-10-18T11:22:38,Fukushima City; Fukushima Prefecture,???????????,H3,0.56,0.80,2.39,,Radiation Detector: Thermo Radeye PRD-ER; GPS: Garmin  GPs Map 60 Cx,Corrase Plaza;Hot Spot; close to west station entrance,???????????,,,,,,,,,,,,,,,,,,,,,,,,,,,,,,,,,,,,,,,
37.76877858,140.4560078,258,,2012-10-18T11:53:51,Fukushima City; Fukushima Prefecture,????????????,H3,0.18,0.21,0.35,,Radiation Detector: Thermo Radeye PRD-ER; GPS: Garmin  GPs Map 60 Cx,Fukushima prefecturemuseum of art; At Post- 0.3; ,????????????????????0.3uSv/h?,,,,,,,,,,,,,,,,,,,,,,,,,,,,,,,,,,,,,,,
37.76883415,140.4559939,259,,2012-10-18T11:56:11,Fukushima City; Fukushima Prefecture,????????????,H3,0.25,0.20,0.22,,Radiation Detector: Thermo Radeye PRD-ER; GPS: Garmin  GPs Map 60 Cx,Fukushima prefecturemuseum of art; General avg in the park is 2 micro Sv,??????????,,,,,,,,,,,,,,,,,,,,,,,,,,,,,,,,,,,,,,,
37.7688852,140.456004,260,,2012-10-18T11:56:30,Fukushima City; Fukushima Prefecture,????????????,H3,0.37,0.38,0.30,,Radiation Detector: Thermo Radeye PRD-ER; GPS: Garmin  GPs Map 60 Cx,Fukushima prefecturemuseum of art,??????????,,,,,,,,,,,,,,,,,,,,,,,,,,,,,,,,,,,,,,,
37.76894429,140.4560039,261,,2012-10-18T11:57:48,Fukushima City; Fukushima Prefecture,????????????,H3,0.88,1.26,3.68,,Radiation Detector: Thermo Radeye PRD-ER; GPS: Garmin  GPs Map 60 Cx,Fukushima prefecturemuseum of art,?????????,,,,,,,,,,,,,,,,,,,,,,,,,,,,,,,,,,,,,,,
37.76894823,140.4560953,262,,2012-10-18T12:00:44,Fukushima City; Fukushima Prefecture,??????????,H3,1.26,1.53,6.44,,Radiation Detector: Thermo Radeye PRD-ER; GPS: Garmin  GPs Map 60 Cx,Fukushima prefecturemuseum of art- different direction,?????????,,,,,,,,,,,,,,,,,,,,,,,,,,,,,,,,,,,,,,,
37.77423251,140.4499248,263,,2012-10-18T12:22:40,Fukushima City; Fukushima Prefecture,??????????,H3,0.17,0.17,0.16,0m,Radiation Detector: Thermo Radeye PRD-ER; GPS: Garmin  GPs Map 60 Cx,Nitomaki Park; At Post-0.235; decon done,???????????????0.235uSv/h?,,,,,,,,,,,,,,,,,,,,,,,,,,,,,,,,,,,,,,,
37.77419488,140.4498351,264,,2012-10-18T12:28:27,Fukushima City; Fukushima Prefecture,??????????,H3,0.53,0.76,3.41,,Radiation Detector: Thermo Radeye PRD-ER; GPS: Garmin  GPs Map 60 Cx,Nitomaki Park - hot spot,?????????????,,,,,,,,,,,,,,,,,,,,,,,,,,,,,,,,,,,,,,,
37.77417627,140.4499103,265,,2012-10-18T12:30:49,Fukushima City; Fukushima Prefecture,??????????,H3,0.23,0.21,0.26,5m,Radiation Detector: Thermo Radeye PRD-ER; GPS: Garmin  GPs Map 60 Cx,Nitomaki Park,????????????????5m,,,,,,,,,,,,,,,,,,,,,,,,,,,,,,,,,,,,,,,
37.77410293,140.449866,266,,2012-10-18T12:31:27,Fukushima City; Fukushima Prefecture,??????????,H3,0.55,0.83,2.11,10m ,Radiation Detector: Thermo Radeye PRD-ER; GPS: Garmin  GPs Map 60 Cx,Nitomaki Park,????????????????10m,,,,,,,,,,,,,,,,,,,,,,,,,,,,,,,,,,,,,,,
37.77647618,140.4512356,267,,2012-10-18T12:49:46,Fukushima City; Fukushima Prefecture,?????????,H3,0.15,0.15,0.15,0m,Radiation Detector: Thermo Radeye PRD-ER; GPS: Garmin  GPs Map 60 Cx, Nursery; At Post- 0.215; decon done,?????????????0.209uSv/h?0.215uSv/h?,,,,,,,,,,,,,,,,,,,,,,,,,,,,,,,,,,,,,,,
37.77654642,140.4513601,268,,2012-10-18T12:59:09,Fukushima City; Fukushima Prefecture,?????????,H3,0.16,0.11,0.12,5m,Radiation Detector: Thermo Radeye PRD-ER; GPS: Garmin  GPs Map 60 Cx, Nursery,??????????????5m,,,,,,,,,,,,,,,,,,,,,,,,,,,,,,,,,,,,,,,
37.77654718,140.4513987,269,,2012-10-18T12:59:18,Fukushima City; Fukushima Prefecture,?????????,H3,0.10,0.10,0.11,10m,Radiation Detector: Thermo Radeye PRD-ER; GPS: Garmin  GPs Map 60 Cx, Nursery,??????????????10m,,,,,,,,,,,,,,,,,,,,,,,,,,,,,,,,,,,,,,,
37.78006598,140.4484909,270,,2012-10-18T13:15:58,Fukushima City; Fukushima Prefecture,?????????,H3,0.14,0.14,0.13,0m,Radiation Detector: Thermo Radeye PRD-ER; GPS: Garmin  GPs Map 60 Cx, Nursery; At Post-0.183;decon done,?????????????0.183uSv/h?,,,,,,,,,,,,,,,,,,,,,,,,,,,,,,,,,,,,,,,
37.7800742,140.4485474,271,,2012-10-18T13:29:56,Fukushima City; Fukushima Prefecture,?????????,H3,0.13,0.13,0.11,5m ,Radiation Detector: Thermo Radeye PRD-ER; GPS: Garmin  GPs Map 60 Cx,Nursery,??????????????5m,,,,,,,,,,,,,,,,,,,,,,,,,,,,,,,,,,,,,,,
37.78008048,140.4486101,272,,2012-10-18T13:31:09,Fukushima City; Fukushima Prefecture,?????????,H3,0.10,0.12,0.10,10m,Radiation Detector: Thermo Radeye PRD-ER; GPS: Garmin  GPs Map 60 Cx, Nursery,??????????????10m,,,,,,,,,,,,,,,,,,,,,,,,,,,,,,,,,,,,,,,
37.76963848,140.4467965,273,,2012-10-18T15:04:27,Fukushima City; Fukushima Prefecture,?????????,H3,0.58,0.53,0.39,0m,Radiation Detector: Thermo Radeye PRD-ER; GPS: Garmin  GPs Map 60 Cx, Matoba Park; At Post- 0.659; decon not done,??????????????0.659uSv/h?,,,,,,,,,,,,,,,,,,,,,,,,,,,,,,,,,,,,,,,
37.76967259,140.4467401,274,,2012-10-18T15:09:22,Fukushima City; Fukushima Prefecture,?????????,H3,0.81,1.03,1.32,5m,Radiation Detector: Thermo Radeye PRD-ER; GPS: Garmin  GPs Map 60 Cx, Matoba Park,???????????????5m,,,,,,,,,,,,,,,,,,,,,,,,,,,,,,,,,,,,,,,
37.7696948,140.4467297,275,,2012-10-18T15:10:00,Fukushima City; Fukushima Prefecture,?????????,H3,0.74,0.77,0.57,10m,Radiation Detector: Thermo Radeye PRD-ER; GPS: Garmin  GPs Map 60 Cx, Matoba Park,?????????????10m,,,,,,,,,,,,,,,,,,,,,,,,,,,,,,,,,,,,,,,
37.755529,140.461099,15,,2012-10-14T00:47:19Z,Fukushima City; Fukushima Prefecture,?????????,J1,1.00,1.50,2.60,,Gamma spectrometer: Georadis RT-30; GPS Model:  Garmin Montana 815,next car park,,,,,,,,,,,,,,,,,,,,,,,,,,,,,,,,,,,,,,,,
37.755652,140.461105,16,,2012-10-14T01:03:06Z,Fukushima City; Fukushima Prefecture,??????????,J1,2.40,2.90,2.30,,Gamma spectrometer: Georadis RT-30; GPS Model:  Garmin Montana 816,beside car park,,,,,,,,,,,,,,,,,,,,,,,,,,,,,,,,,,,,,,,,
37.75588,140.461269,19,,2012-10-14T02:26:08Z,Fukushima City; Fukushima Prefecture,??????????,J1,1.50,2.20,7.10,,Gamma spectrometer: Georadis RT-30; GPS Model:  Garmin Montana 819,inside car park,,,,,,,,,,,,,,,,,,,,,,,,,,,,,,,,,,,,,,,,
37.75539,140.46176,20,,2012-10-14T02:38:08Z,Fukushima City; Fukushima Prefecture,??????????,J1,0.50,,,,Gamma spectrometer: Georadis RT-30; GPS Model:  Garmin Montana 820,pavement,,,,,,,,,,,,,,,,,,,,,,,,,,,,,,,,,,,,,,,,
37.755291,140.462273,21,,2012-10-14T02:40:03Z,Fukushima City; Fukushima Prefecture,,J1,0.80,,,,Gamma spectrometer: Georadis RT-30; GPS Model:  Garmin Montana 821,pavement,,,,,,,,,,,,,,,,,,,,,,,,,,,,,,,,,,,,,,,,
37.755284,140.462625,22,,2012-10-14T02:41:35Z,Fukushima City; Fukushima Prefecture,,J1,0.80,,,,Gamma spectrometer: Georadis RT-30; GPS Model:  Garmin Montana 822,pavement,,,,,,,,,,,,,,,,,,,,,,,,,,,,,,,,,,,,,,,,
37.755291,140.462929,23,,2012-10-14T02:43:04Z,Fukushima City; Fukushima Prefecture,,J1,0.68,,,,Gamma spectrometer: Georadis RT-30; GPS Model:  Garmin Montana 823,pavement,,,,,,,,,,,,,,,,,,,,,,,,,,,,,,,,,,,,,,,,
37.755285,140.462945,24,,2012-10-14T02:44:18Z,Fukushima City; Fukushima Prefecture,,J1,0.60,,,,Gamma spectrometer: Georadis RT-30; GPS Model:  Garmin Montana 824,pavement,,,,,,,,,,,,,,,,,,,,,,,,,,,,,,,,,,,,,,,,
37.755288,140.463149,25,,2012-10-14T02:45:07Z,Fukushima City; Fukushima Prefecture,,J1,0.60,,,,Gamma spectrometer: Georadis RT-30; GPS Model:  Garmin Montana 825,pavement,,,,,,,,,,,,,,,,,,,,,,,,,,,,,,,,,,,,,,,,
37.755269,140.463713,26,,2012-10-14T02:47:41Z,Fukushima City; Fukushima Prefecture,,J1,1.00,,,,Gamma spectrometer: Georadis RT-30; GPS Model:  Garmin Montana 826,pavement,,,,,,,,,,,,,,,,,,,,,,,,,,,,,,,,,,,,,,,,
37.755335,140.463976,27,,2012-10-14T02:49:12Z,Fukushima City; Fukushima Prefecture,,J1,0.60,,,,Gamma spectrometer: Georadis RT-30; GPS Model:  Garmin Montana 827,,,,,,,,,,,,,,,,,,,,,,,,,,,,,,,,,,,,,,,,,
37.755328,140.463965,28,,2012-10-14T02:50:46Z,Fukushima City; Fukushima Prefecture,,J1,0.60,1.10,8.10,,Gamma spectrometer: Georadis RT-30; GPS Model:  Garmin Montana 828,carpark,,,,,,,,,,,,,,,,,,,,,,,,,,,,,,,,,,,,,,,,
37.755525,140.464092,29,,2012-10-14T02:54:29Z,Fukushima City; Fukushima Prefecture,,J1,0.25,0.30,0.60,,Gamma spectrometer: Georadis RT-30; GPS Model:  Garmin Montana 829,top of carpark,,,,,,,,,,,,,,,,,,,,,,,,,,,,,,,,,,,,,,,,
37.755695,140.464058,30,,2012-10-14T02:57:05Z,Fukushima City; Fukushima Prefecture,,J1,0.80,,,,Gamma spectrometer: Georadis RT-30; GPS Model:  Garmin Montana 830,pavement,,,,,,,,,,,,,,,,,,,,,,,,,,,,,,,,,,,,,,,,
37.755754,140.464042,31,,2012-10-14T02:59:11Z,Fukushima City; Fukushima Prefecture,,J1,0.30,,,,Gamma spectrometer: Georadis RT-30; GPS Model:  Garmin Montana 831,,,,,,,,,,,,,,,,,,,,,,,,,,,,,,,,,,,,,,,,,
37.755819,140.46418,32,,2012-10-14T03:00:16Z,Fukushima City; Fukushima Prefecture,,J1,0.20,,,,Gamma spectrometer: Georadis RT-30; GPS Model:  Garmin Montana 832,,,,,,,,,,,,,,,,,,,,,,,,,,,,,,,,,,,,,,,,,
37.756119,140.464794,33,,2012-10-14T03:02:03Z,Fukushima City; Fukushima Prefecture,,J1,0.15,,,,Gamma spectrometer: Georadis RT-30; GPS Model:  Garmin Montana 833,,,,,,,,,,,,,,,,,,,,,,,,,,,,,,,,,,,,,,,,,
37.756185,140.464894,34,,2012-10-14T03:03:51Z,Fukushima City; Fukushima Prefecture,,J1,0.25,,,,Gamma spectrometer: Georadis RT-30; GPS Model:  Garmin Montana 834,,,,,,,,,,,,,,,,,,,,,,,,,,,,,,,,,,,,,,,,,
37.756277,140.464834,35,,2012-10-14T03:05:22Z,Fukushima City; Fukushima Prefecture,,J1,0.14,,,,Gamma spectrometer: Georadis RT-30; GPS Model:  Garmin Montana 835,,,,,,,,,,,,,,,,,,,,,,,,,,,,,,,,,,,,,,,,,
37.75664,140.4651,36,,2012-10-14T03:07:38Z,Fukushima City; Fukushima Prefecture,,J1,1.00,3.70,5.70,,Gamma spectrometer: Georadis RT-30; GPS Model:  Garmin Montana 836,Drainage grill,,,,,,,,,,,,,,,,,,,,,,,,,,,,,,,,,,,,,,,,
37.756726,140.465349,37,,2012-10-14T03:09:13Z,Fukushima City; Fukushima Prefecture,,J1,2.00,4.20,16.70,,Gamma spectrometer: Georadis RT-30; GPS Model:  Garmin Montana 837,Drainage grill,,,,,,,,,,,,,,,,,,,,,,,,,,,,,,,,,,,,,,,,
37.756988,140.464962,38,,2012-10-14T03:19:38Z,Fukushima City; Fukushima Prefecture,,J1,0.60,,,,Gamma spectrometer: Georadis RT-30; GPS Model:  Garmin Montana 838,,,,,,,,,,,,,,,,,,,,,,,,,,,,,,,,,,,,,,,,,
37.757072,140.465142,39,,2012-10-14T03:23:19Z,Fukushima City; Fukushima Prefecture,,J1,0.80,0.90,1.20,,Gamma spectrometer: Georadis RT-30; GPS Model:  Garmin Montana 839,Green stripe next to pavement,,,,,,,,,,,,,,,,,,,,,,,,,,,,,,,,,,,,,,,,
37.757095,140.465291,40,,2012-10-14T03:25:55Z,Fukushima City; Fukushima Prefecture,,J1,0.90,,,,Gamma spectrometer: Georadis RT-30; GPS Model:  Garmin Montana 840,,,,,,,,,,,,,,,,,,,,,,,,,,,,,,,,,,,,,,,,,
37.7571,140.465683,41,,2012-10-14T03:28:34Z,Fukushima City; Fukushima Prefecture,,J1,0.50,,,,Gamma spectrometer: Georadis RT-30; GPS Model:  Garmin Montana 841,,,,,,,,,,,,,,,,,,,,,,,,,,,,,,,,,,,,,,,,,
37.757112,140.465983,42,,2012-10-14T03:32:08Z,Fukushima City; Fukushima Prefecture,,J1,1.20,2.60,5.40,,Gamma spectrometer: Georadis RT-30; GPS Model:  Garmin Montana 842,green stripe next to pavement,,,,,,,,,,,,,,,,,,,,,,,,,,,,,,,,,,,,,,,,
37.757095,140.466092,43,,2012-10-14T03:34:57Z,Fukushima City; Fukushima Prefecture,,J1,1.20,1.70,6.00,,Gamma spectrometer: Georadis RT-30; GPS Model:  Garmin Montana 843,green stripe next to pavement,,,,,,,,,,,,,,,,,,,,,,,,,,,,,,,,,,,,,,,,
37.757063,140.466284,44,,2012-10-14T03:37:36Z,Fukushima City; Fukushima Prefecture,,J1,0.40,,,,Gamma spectrometer: Georadis RT-30; GPS Model:  Garmin Montana 844,,,,,,,,,,,,,,,,,,,,,,,,,,,,,,,,,,,,,,,,,
37.757169,140.467369,45,,2012-10-14T03:43:38Z,Fukushima City; Fukushima Prefecture,,J1,0.30,,,,Gamma spectrometer: Georadis RT-30; GPS Model:  Garmin Montana 845,,,,,,,,,,,,,,,,,,,,,,,,,,,,,,,,,,,,,,,,,
37.757089,140.468174,46,,2012-10-14T03:45:15Z,Fukushima City; Fukushima Prefecture,,J1,0.10,,,,Gamma spectrometer: Georadis RT-30; GPS Model:  Garmin Montana 846,,,,,,,,,,,,,,,,,,,,,,,,,,,,,,,,,,,,,,,,,
37.756404,140.46814,47,,2012-10-14T03:47:16Z,Fukushima City; Fukushima Prefecture,,J1,0.30,,,,Gamma spectrometer: Georadis RT-30; GPS Model:  Garmin Montana 847,,,,,,,,,,,,,,,,,,,,,,,,,,,,,,,,,,,,,,,,,
37.756421,140.468062,48,,2012-10-14T04:46:39Z,Fukushima City; Fukushima Prefecture,,J1,0.80,1.00,2.90,,Gamma spectrometer: Georadis RT-30; GPS Model:  Garmin Montana 848,,,,,,,,,,,,,,,,,,,,,,,,,,,,,,,,,,,,,,,,,
37.75604,140.467955,49,,2012-10-14T04:51:52Z,Fukushima City; Fukushima Prefecture,,J1,0.40,,,,Gamma spectrometer: Georadis RT-30; GPS Model:  Garmin Montana 849,,,,,,,,,,,,,,,,,,,,,,,,,,,,,,,,,,,,,,,,,
37.755809,140.468112,50,,2012-10-14T04:54:18Z,Fukushima City; Fukushima Prefecture,,J1,0.60,0.80,1.80,,Gamma spectrometer: Georadis RT-30; GPS Model:  Garmin Montana 850,,,,,,,,,,,,,,,,,,,,,,,,,,,,,,,,,,,,,,,,,
37.755336,140.468137,51,,2012-10-14T04:56:13Z,Fukushima City; Fukushima Prefecture,,J1,0.50,,,,Gamma spectrometer: Georadis RT-30; GPS Model:  Garmin Montana 851,,,,,,,,,,,,,,,,,,,,,,,,,,,,,,,,,,,,,,,,,
37.754851,140.468032,52,,2012-10-14T04:58:32Z,Fukushima City; Fukushima Prefecture,,J1,0.40,,,,Gamma spectrometer: Georadis RT-30; GPS Model:  Garmin Montana 852,,,,,,,,,,,,,,,,,,,,,,,,,,,,,,,,,,,,,,,,,
37.754712,140.468061,53,,2012-10-14T05:03:19Z,Fukushima City; Fukushima Prefecture,,J1,0.20,,,,Gamma spectrometer: Georadis RT-30; GPS Model:  Garmin Montana 853,,,,,,,,,,,,,,,,,,,,,,,,,,,,,,,,,,,,,,,,,
37.754651,140.468024,54,,2012-10-14T05:04:14Z,Fukushima City; Fukushima Prefecture,,J1,0.70,1.10,5.90,,Gamma spectrometer: Georadis RT-30; GPS Model:  Garmin Montana 854,Drainage grill along the road,,,,,,,,,,,,,,,,,,,,,,,,,,,,,,,,,,,,,,,,
37.754243,140.467986,55,,2012-10-14T05:08:39Z,Fukushima City; Fukushima Prefecture,,J1,0.70,1.30,7.20,,Gamma spectrometer: Georadis RT-30; GPS Model:  Garmin Montana 855,,,,,,,,,,,,,,,,,,,,,,,,,,,,,,,,,,,,,,,,,
37.753978,140.468047,56,,2012-10-14T05:10:43Z,Fukushima City; Fukushima Prefecture,,J1,0.40,,,,Gamma spectrometer: Georadis RT-30; GPS Model:  Garmin Montana 856,,,,,,,,,,,,,,,,,,,,,,,,,,,,,,,,,,,,,,,,,
37.75349,140.467925,57,,2012-10-14T05:11:52Z,Fukushima City; Fukushima Prefecture,,J1,0.25,,,,Gamma spectrometer: Georadis RT-30; GPS Model:  Garmin Montana 857,,,,,,,,,,,,,,,,,,,,,,,,,,,,,,,,,,,,,,,,,
37.752189,140.468078,58,,2012-10-14T05:19:21Z,Fukushima City; Fukushima Prefecture,,J1,0.60,,,,Gamma spectrometer: Georadis RT-30; GPS Model:  Garmin Montana 858,,,,,,,,,,,,,,,,,,,,,,,,,,,,,,,,,,,,,,,,,
37.751944,140.467733,59,,2012-10-14T05:20:51Z,Fukushima City; Fukushima Prefecture,,J1,0.90,1.20,4.60,,Gamma spectrometer: Georadis RT-30; GPS Model:  Garmin Montana 859,green stripe next to pavement,,,,,,,,,,,,,,,,,,,,,,,,,,,,,,,,,,,,,,,,
37.751899,140.46771,60,,2012-10-14T05:22:41Z,Fukushima City; Fukushima Prefecture,,J1,0.60,0.70,1.00,,Gamma spectrometer: Georadis RT-30; GPS Model:  Garmin Montana 860,,,,,,,,,,,,,,,,,,,,,,,,,,,,,,,,,,,,,,,,,
37.751893,140.467705,61,,2012-10-14T05:24:08Z,Fukushima City; Fukushima Prefecture,,J1,0.50,0.80,1.70,,Gamma spectrometer: Georadis RT-30; GPS Model:  Garmin Montana 861,,,,,,,,,,,,,,,,,,,,,,,,,,,,,,,,,,,,,,,,,
37.751396,140.467619,62,,2012-10-14T05:27:07Z,Fukushima City; Fukushima Prefecture,,J1,0.40,0.40,0.40,,Gamma spectrometer: Georadis RT-30; GPS Model:  Garmin Montana 862,official measurement point,,,,,,,,,,,,,,,,,,,,,,,,,,,,,,,,,,,,,,,,
37.751528,140.467324,63,,2012-10-14T05:34:01Z,Fukushima City; Fukushima Prefecture,,J1,0.17,,,,Gamma spectrometer: Georadis RT-30; GPS Model:  Garmin Montana 863,playground,,,,,,,,,,,,,,,,,,,,,,,,,,,,,,,,,,,,,,,,
37.751567,140.466387,64,,2012-10-14T05:36:33Z,Fukushima City; Fukushima Prefecture,,J1,0.10,,,,Gamma spectrometer: Georadis RT-30; GPS Model:  Garmin Montana 864,football field,,,,,,,,,,,,,,,,,,,,,,,,,,,,,,,,,,,,,,,,
37.751976,140.465947,65,,2012-10-14T05:40:41Z,Fukushima City; Fukushima Prefecture,,J1,0.60,,,,Gamma spectrometer: Georadis RT-30; GPS Model:  Garmin Montana 865,,,,,,,,,,,,,,,,,,,,,,,,,,,,,,,,,,,,,,,,,
37.752578,140.465182,66,,2012-10-14T05:43:07Z,Fukushima City; Fukushima Prefecture,,J1,0.40,,,,Gamma spectrometer: Georadis RT-30; GPS Model:  Garmin Montana 866,,,,,,,,,,,,,,,,,,,,,,,,,,,,,,,,,,,,,,,,,
37.752715,140.463996,67,,2012-10-14T05:45:26Z,Fukushima City; Fukushima Prefecture,,J1,0.30,,,,Gamma spectrometer: Georadis RT-30; GPS Model:  Garmin Montana 867,,,,,,,,,,,,,,,,,,,,,,,,,,,,,,,,,,,,,,,,,
37.753445,140.463955,68,,2012-10-14T05:48:45Z,Fukushima City; Fukushima Prefecture,,J1,0.60,,,,Gamma spectrometer: Georadis RT-30; GPS Model:  Garmin Montana 868,,,,,,,,,,,,,,,,,,,,,,,,,,,,,,,,,,,,,,,,,
37.754186,140.460868,69,,2012-10-14T05:53:43Z,Fukushima City; Fukushima Prefecture,,J1,0.14,,,,Gamma spectrometer: Georadis RT-30; GPS Model:  Garmin Montana 869,,,,,,,,,,,,,,,,,,,,,,,,,,,,,,,,,,,,,,,,,
37.754187,140.460867,70,,2012-10-14T05:54:34Z,Fukushima City; Fukushima Prefecture,,J1,0.17,0.18,0.21,,"Gamma spectrometer: Georadis RT-30, GPS Model:  Garmin Montana 870",railway station square,,,,,,,,,,,,,,,,,,,,,,,,,,,,,,,,,,,,,,,,
